player_id,player_name,firstname,lastname,nationality,birth_date,birth_place,birth_country,age,height,weight,injured,photo,season,team_id,team_name,league_id,league_name,league_country,position,appearances,lineups,minutes,rating,captain,substitutes_in,substitutes_out,substitutes_bench,shots_total,shots_on_target,goals,goals_conceded,assists,saves,passes_total,passes_key,passes_accuracy,tackles_total,tackles_blocks,tackles_interceptions,duels_total,duels_won,dribbles_attempts,dribbles_success,dribbles_past,fouls_drawn,fouls_committed,cards_yellow,cards_yellowred,cards_red,penalty_won,penalty_committed,penalty_scored,penalty_missed,penalty_saved,wc_years,wc_teams,wc_team_ids
33351,Tae-Se Jong,Tae-Se,Jong,Korea DPR,1984-03-02,Nagoya,Japan,39,181 cm,80 kg,False,https://media.api-sports.io/football/players/33351.png,2007,294.0,Kawasaki Frontale,,J1 League,,Attacker,0.0,,,,False,,,,,,12.0,,,,,,,,,,,,,,,,,,,,,,,,,2010,North Korea,1561
33351,Tae-Se Jong,Tae-Se,Jong,Korea DPR,1984-03-02,Nagoya,Japan,39,181 cm,80 kg,False,https://media.api-sports.io/football/players/33351.png,2008,294.0,Kawasaki Frontale,,J1 League,,Attacker,0.0,,,,False,,,,,,14.0,,,,,,,,,,,,,,,,,,,,,,,,,2010,North Korea,1561
33351,Tae-Se Jong,Tae-Se,Jong,Korea DPR,1984-03-02,Nagoya,Japan,39,181 cm,80 kg,False,https://media.api-sports.io/football/players/33351.png,2009,294.0,Kawasaki Frontale,,J1 League,,Attacker,29.0,24.0,2188.0,,False,5.0,10.0,0.0,,,15.0,,,,,,,,,,,,,,,,,7.0,0.0,0.0,,,,,,2010,North Korea,1561
33351,Tae-Se Jong,Tae-Se,Jong,Korea DPR,1984-03-02,Nagoya,Japan,39,181 cm,80 kg,False,https://media.api-sports.io/football/players/33351.png,2010,176.0,VfL Bochum,78.0,Bundesliga,Germany,Attacker,1.0,0.0,44.0,,False,1.0,0.0,1.0,,,0.0,,,,,,,,,,,,,,,,,0.0,0.0,0.0,,,,,,2010,North Korea,1561
33351,Tae-Se Jong,Tae-Se,Jong,Korea DPR,1984-03-02,Nagoya,Japan,39,181 cm,80 kg,False,https://media.api-sports.io/football/players/33351.png,2010,176.0,VfL Bochum,,2. Bundesliga,,Attacker,25.0,18.0,1665.0,,False,7.0,7.0,9.0,,,10.0,,,,,,,,,,,,,,,,,6.0,0.0,0.0,,,,,,2010,North Korea,1561
33351,Tae-Se Jong,Tae-Se,Jong,Korea DPR,1984-03-02,Nagoya,Japan,39,181 cm,80 kg,False,https://media.api-sports.io/football/players/33351.png,2010,294.0,Kawasaki Frontale,,J1 League,,Attacker,10.0,10.0,824.0,,False,0.0,4.0,0.0,,,5.0,,,,,,,,,,,,,,,,,4.0,0.0,0.0,,,,,,2010,North Korea,1561
33351,Tae-Se Jong,Tae-Se,Jong,Korea DPR,1984-03-02,Nagoya,Japan,39,181 cm,80 kg,False,https://media.api-sports.io/football/players/33351.png,2010,1561.0,North Korea,1.0,World Cup,World,Attacker,3.0,3.0,270.0,,False,0.0,0.0,0.0,,,0.0,,,,,,,,,,,,,,,,,0.0,0.0,0.0,,,,,,2010,North Korea,1561
33351,Tae-Se Jong,Tae-Se,Jong,Korea DPR,1984-03-02,Nagoya,Japan,39,181 cm,80 kg,False,https://media.api-sports.io/football/players/33351.png,2010,1561.0,North Korea,,WC Qualification Asia,,Attacker,12.0,12.0,1079.0,,False,0.0,2.0,0.0,,,1.0,,,,,,,,,,,,,,,,,4.0,0.0,0.0,,,,,,2010,North Korea,1561
33351,Tae-Se Jong,Tae-Se,Jong,Korea DPR,1984-03-02,Nagoya,Japan,39,181 cm,80 kg,False,https://media.api-sports.io/football/players/33351.png,2011,192.0,1. FC Köln,78.0,Bundesliga,Germany,Attacker,5.0,0.0,148.0,,False,5.0,0.0,14.0,,,0.0,,,,,,,,,,,,,,,,,0.0,0.0,0.0,,,,,,2010,North Korea,1561
33351,Tae-Se Jong,Tae-Se,Jong,Korea DPR,1984-03-02,Nagoya,Japan,39,181 cm,80 kg,False,https://media.api-sports.io/football/players/33351.png,2011,176.0,VfL Bochum,79.0,2. Bundesliga,Germany,Attacker,14.0,13.0,1127.0,,False,1.0,7.0,2.0,,,4.0,,,,,,,,,,,,,,,,,0.0,0.0,0.0,,,,,,2010,North Korea,1561
33351,Tae-Se Jong,Tae-Se,Jong,Korea DPR,1984-03-02,Nagoya,Japan,39,181 cm,80 kg,False,https://media.api-sports.io/football/players/33351.png,2011,176.0,VfL Bochum,81.0,DFB Pokal,Germany,Attacker,2.0,2.0,180.0,,False,0.0,0.0,0.0,,,1.0,,,,,,,,,,,,,,,,,0.0,0.0,0.0,,,,,,2010,North Korea,1561
33351,Tae-Se Jong,Tae-Se,Jong,Korea DPR,1984-03-02,Nagoya,Japan,39,181 cm,80 kg,False,https://media.api-sports.io/football/players/33351.png,2012,192.0,1. FC Köln,79.0,2. Bundesliga,Germany,Attacker,5.0,2.0,172.0,,False,3.0,1.0,5.0,,,0.0,,,,,,,,,,,,,,,,,0.0,0.0,0.0,,,,,,2010,North Korea,1561
33351,Tae-Se Jong,Tae-Se,Jong,Korea DPR,1984-03-02,Nagoya,Japan,39,181 cm,80 kg,False,https://media.api-sports.io/football/players/33351.png,2012,192.0,1. FC Köln,81.0,DFB Pokal,Germany,Attacker,1.0,0.0,8.0,,False,1.0,0.0,1.0,,,0.0,,,,,,,,,,,,,,,,,0.0,0.0,0.0,,,,,,2010,North Korea,1561
33351,Tae-Se Jong,Tae-Se,Jong,Korea DPR,1984-03-02,Nagoya,Japan,39,181 cm,80 kg,False,https://media.api-sports.io/football/players/33351.png,2013,2765.0,Suwon Bluewings,,AFC Champions League,,Attacker,4.0,4.0,328.0,,False,0.0,1.0,0.0,,,0.0,,,,,,,,,,,,,,,,,0.0,0.0,0.0,,,,,,2010,North Korea,1561
33351,Tae-Se Jong,Tae-Se,Jong,Korea DPR,1984-03-02,Nagoya,Japan,39,181 cm,80 kg,False,https://media.api-sports.io/football/players/33351.png,2014,1561.0,North Korea,,WC Qualification Asia,,Attacker,5.0,5.0,364.0,,False,0.0,3.0,0.0,,,0.0,,,,,,,,,,,,,,,,,0.0,0.0,0.0,,,,,,2010,North Korea,1561
33351,Tae-Se Jong,Tae-Se,Jong,Korea DPR,1984-03-02,Nagoya,Japan,39,181 cm,80 kg,False,https://media.api-sports.io/football/players/33351.png,2015,283.0,Shimizu S-pulse,98.0,J1 League,Japan,Attacker,13.0,11.0,1027.0,,False,2.0,0.0,2.0,,,4.0,,,,,,,,,,,,,,,,,4.0,0.0,0.0,,,,,,2010,North Korea,1561
33351,Tae-Se Jong,Tae-Se,Jong,Korea DPR,1984-03-02,Nagoya,Japan,39,181 cm,80 kg,False,https://media.api-sports.io/football/players/33351.png,2015,2765.0,Suwon Bluewings,,AFC Champions League,,Attacker,7.0,7.0,556.0,,False,0.0,4.0,1.0,,,3.0,,,,,,,,,,,,,,,,,1.0,0.0,0.0,,,,,,2010,North Korea,1561
33351,Tae-Se Jong,Tae-Se,Jong,Korea DPR,1984-03-02,Nagoya,Japan,39,181 cm,80 kg,False,https://media.api-sports.io/football/players/33351.png,2016,283.0,Shimizu S-pulse,99.0,J2 League,Japan,Attacker,37.0,33.0,2843.0,,False,4.0,15.0,5.0,,,26.0,,,,,,,,,,,,,,,,,3.0,0.0,0.0,,,,,,2010,North Korea,1561
33351,Tae-Se Jong,Tae-Se,Jong,Korea DPR,1984-03-02,Nagoya,Japan,39,181 cm,80 kg,False,https://media.api-sports.io/football/players/33351.png,2017,283.0,Shimizu S-pulse,98.0,J1 League,Japan,Attacker,23.0,21.0,1878.0,7.143478,False,2.0,5.0,3.0,69.0,26.0,10.0,,4.0,,344.0,22.0,61.0,,,5.0,376.0,179.0,9.0,7.0,,48.0,51.0,5.0,0.0,0.0,,,1.0,0.0,,2010,North Korea,1561
33351,Tae-Se Jong,Tae-Se,Jong,Korea DPR,1984-03-02,Nagoya,Japan,39,181 cm,80 kg,False,https://media.api-sports.io/football/players/33351.png,2017,283.0,Shimizu S-pulse,101.0,J-League Cup,Japan,Attacker,0.0,0.0,0.0,,False,0.0,0.0,1.0,,,0.0,,,,,,,,,,,,,,,,,0.0,0.0,0.0,,,,,,2010,North Korea,1561
33351,Tae-Se Jong,Tae-Se,Jong,Korea DPR,1984-03-02,Nagoya,Japan,39,181 cm,80 kg,False,https://media.api-sports.io/football/players/33351.png,2018,283.0,Shimizu S-pulse,98.0,J1 League,Japan,Attacker,18.0,4.0,598.0,6.888235,False,14.0,0.0,16.0,38.0,14.0,3.0,,3.0,,147.0,7.0,58.0,2.0,2.0,2.0,163.0,70.0,4.0,1.0,,11.0,23.0,1.0,0.0,0.0,1.0,,1.0,0.0,,2010,North Korea,1561
33351,Tae-Se Jong,Tae-Se,Jong,Korea DPR,1984-03-02,Nagoya,Japan,39,181 cm,80 kg,False,https://media.api-sports.io/football/players/33351.png,2019,283.0,Shimizu S-pulse,98.0,J1 League,Japan,Attacker,13.0,5.0,419.0,6.8,False,8.0,5.0,12.0,15.0,6.0,2.0,,,,80.0,3.0,57.0,,0.0,2.0,85.0,37.0,6.0,4.0,,9.0,13.0,0.0,0.0,0.0,,,0.0,0.0,,2010,North Korea,1561
33351,Tae-Se Jong,Tae-Se,Jong,Korea DPR,1984-03-02,Nagoya,Japan,39,181 cm,80 kg,False,https://media.api-sports.io/football/players/33351.png,2019,283.0,Shimizu S-pulse,101.0,J-League Cup,Japan,Attacker,1.0,0.0,3.0,,False,1.0,0.0,1.0,,,0.0,,,,,,,,,,,,,,,,,0.0,0.0,0.0,,,,,,2010,North Korea,1561
33351,Tae-Se Jong,Tae-Se,Jong,Korea DPR,1984-03-02,Nagoya,Japan,39,181 cm,80 kg,False,https://media.api-sports.io/football/players/33351.png,2020,311.0,Albirex Niigata,99.0,J2 League,Japan,Attacker,26.0,13.0,1392.0,,False,13.0,7.0,14.0,,,9.0,,,,,,,,,,,,,,,,,1.0,0.0,0.0,,,,,,2010,North Korea,1561
33351,Tae-Se Jong,Tae-Se,Jong,Korea DPR,1984-03-02,Nagoya,Japan,39,181 cm,80 kg,False,https://media.api-sports.io/football/players/33351.png,2020,283.0,Shimizu S-pulse,98.0,J1 League,Japan,Attacker,2.0,0.0,26.0,6.3,False,2.0,0.0,2.0,0.0,0.0,0.0,,,,7.0,1.0,66.0,,0.0,0.0,5.0,1.0,0.0,0.0,,0.0,1.0,0.0,0.0,0.0,,,0.0,0.0,,2010,North Korea,1561
33351,Tae-Se Jong,Tae-Se,Jong,Korea DPR,1984-03-02,Nagoya,Japan,39,181 cm,80 kg,False,https://media.api-sports.io/football/players/33351.png,2021,303.0,Machida Zelvia,99.0,J2 League,Japan,Attacker,33.0,4.0,724.0,,False,29.0,4.0,33.0,,,5.0,,,,,,,,,,,,,,,,,1.0,0.0,0.0,,,,,,2010,North Korea,1561
33351,Tae-Se Jong,Tae-Se,Jong,Korea DPR,1984-03-02,Nagoya,Japan,39,181 cm,80 kg,False,https://media.api-sports.io/football/players/33351.png,2021,303.0,Machida Zelvia,101.0,J-League Cup,Japan,Attacker,0.0,0.0,0.0,,False,0.0,0.0,0.0,,,0.0,,,,,,,,,,,,,,,,,0.0,0.0,0.0,,,,,,2010,North Korea,1561
33351,Tae-Se Jong,Tae-Se,Jong,Korea DPR,1984-03-02,Nagoya,Japan,39,181 cm,80 kg,False,https://media.api-sports.io/football/players/33351.png,2022,303.0,Machida Zelvia,99.0,J2 League,Japan,Attacker,34.0,10.0,1200.0,,False,24.0,12.0,24.0,,,6.0,,,,,,,,,,,,,,,,,4.0,0.0,0.0,,,,,,2010,North Korea,1561
33351,Tae-Se Jong,Tae-Se,Jong,Korea DPR,1984-03-02,Nagoya,Japan,39,181 cm,80 kg,False,https://media.api-sports.io/football/players/33351.png,2022,303.0,Machida Zelvia,101.0,J-League Cup,Japan,Attacker,0.0,0.0,0.0,,False,0.0,0.0,0.0,,,0.0,,,,,,,,,,,,,,,,,0.0,0.0,0.0,,,,,,2010,North Korea,1561
33351,Tae-Se Jong,Tae-Se,Jong,Korea DPR,1984-03-02,Nagoya,Japan,39,181 cm,80 kg,False,https://media.api-sports.io/football/players/33351.png,2023,303.0,Machida Zelvia,99.0,J2 League,Japan,Attacker,,,,,False,,,,,,,,,,,,,,,,,,,,,,,,,,,,,,,2010,North Korea,1561
53843,Myong-Guk Ri,Myong-Guk,Ri,Korea DPR,1986-09-09,Pyongyang,Korea DPR,37,188 cm,79 kg,False,https://media.api-sports.io/football/players/53843.png,2009,1561.0,North Korea,,Friendlies,,Goalkeeper,1.0,1.0,58.0,,False,0.0,1.0,0.0,,,0.0,,,,,,,,,,,,,,,,,0.0,0.0,0.0,,,,,,2010,North Korea,1561
53843,Myong-Guk Ri,Myong-Guk,Ri,Korea DPR,1986-09-09,Pyongyang,Korea DPR,37,188 cm,79 kg,False,https://media.api-sports.io/football/players/53843.png,2010,1561.0,North Korea,,WC Qualification Asia,,Goalkeeper,15.0,15.0,1306.0,,False,0.0,1.0,1.0,,,0.0,,,,,,,,,,,,,,,,,2.0,0.0,0.0,,,,,,2010,North Korea,1561
53843,Myong-Guk Ri,Myong-Guk,Ri,Korea DPR,1986-09-09,Pyongyang,Korea DPR,37,188 cm,79 kg,False,https://media.api-sports.io/football/players/53843.png,2010,1561.0,North Korea,1.0,World Cup,World,Goalkeeper,3.0,3.0,270.0,,False,0.0,0.0,0.0,,,0.0,,,,,,,,,,,,,,,,,0.0,0.0,0.0,,,,,,2010,North Korea,1561
53843,Myong-Guk Ri,Myong-Guk,Ri,Korea DPR,1986-09-09,Pyongyang,Korea DPR,37,188 cm,79 kg,False,https://media.api-sports.io/football/players/53843.png,2013,1561.0,North Korea,,Friendlies,,Goalkeeper,1.0,1.0,90.0,,False,0.0,0.0,0.0,,,0.0,,,,,,,,,,,,,,,,,0.0,0.0,0.0,,,,,,2010,North Korea,1561
53843,Myong-Guk Ri,Myong-Guk,Ri,Korea DPR,1986-09-09,Pyongyang,Korea DPR,37,188 cm,79 kg,False,https://media.api-sports.io/football/players/53843.png,2014,10939.0,Korea DPR U23,,Asian Games,,Goalkeeper,6.0,6.0,566.0,,False,0.0,2.0,0.0,,,0.0,,,,,,,,,,,,,,,,,1.0,0.0,0.0,,,,,,2010,North Korea,1561
53843,Myong-Guk Ri,Myong-Guk,Ri,Korea DPR,1986-09-09,Pyongyang,Korea DPR,37,188 cm,79 kg,False,https://media.api-sports.io/football/players/53843.png,2014,1561.0,North Korea,,WC Qualification Asia,,Goalkeeper,5.0,5.0,450.0,,False,0.0,0.0,1.0,,,0.0,,,,,,,,,,,,,,,,,1.0,0.0,0.0,,,,,,2010,North Korea,1561
53843,Myong-Guk Ri,Myong-Guk,Ri,Korea DPR,1986-09-09,Pyongyang,Korea DPR,37,188 cm,79 kg,False,https://media.api-sports.io/football/players/53843.png,2016,1561.0,North Korea,,Friendlies,,Goalkeeper,1.0,1.0,90.0,,False,0.0,0.0,0.0,,,0.0,,,,,,,,,,,,,,,,,0.0,0.0,0.0,,,,,,2010,North Korea,1561
53843,Myong-Guk Ri,Myong-Guk,Ri,Korea DPR,1986-09-09,Pyongyang,Korea DPR,37,188 cm,79 kg,False,https://media.api-sports.io/football/players/53843.png,2017,1561.0,North Korea,10.0,Friendlies,World,Goalkeeper,1.0,1.0,90.0,,False,0.0,0.0,0.0,,,0.0,,,,,,,,,,,,,,,,,0.0,0.0,0.0,,,,,,2010,North Korea,1561
53843,Myong-Guk Ri,Myong-Guk,Ri,Korea DPR,1986-09-09,Pyongyang,Korea DPR,37,188 cm,79 kg,False,https://media.api-sports.io/football/players/53843.png,2018,1561.0,North Korea,30.0,World Cup - Qualification Asia,World,Goalkeeper,8.0,8.0,720.0,,False,0.0,0.0,0.0,,,0.0,,,,,,,,,,,,,,,,,1.0,0.0,0.0,,,,,,2010,North Korea,1561
91977,An Yong-Hak,Yong-Hak,An,Korea DPR,1978-10-25,Kurashiki,Japan,43,182 cm,75 kg,False,https://media.api-sports.io/football/players/91977.png,2006,1561.0,North Korea,,WC Qualification Asia,,Midfielder,5.0,5.0,434.0,,False,0.0,1.0,0.0,,,2.0,,,,,,,,,,,,,,,,,1.0,0.0,0.0,,,,,,2010,North Korea,1561
91977,An Yong-Hak,Yong-Hak,An,Korea DPR,1978-10-25,Kurashiki,Japan,43,182 cm,75 kg,False,https://media.api-sports.io/football/players/91977.png,2010,313.0,Omiya Ardija,,J1 League,,Midfielder,17.0,12.0,945.0,,False,5.0,6.0,11.0,,,0.0,,,,,,,,,,,,,,,,,4.0,0.0,1.0,,,,,,2010,North Korea,1561
91977,An Yong-Hak,Yong-Hak,An,Korea DPR,1978-10-25,Kurashiki,Japan,43,182 cm,75 kg,False,https://media.api-sports.io/football/players/91977.png,2010,1561.0,North Korea,1.0,World Cup,World,Midfielder,3.0,3.0,270.0,,False,0.0,0.0,0.0,,,0.0,,,,,,,,,,,,,,,,,0.0,0.0,0.0,,,,,,2010,North Korea,1561
91977,An Yong-Hak,Yong-Hak,An,Korea DPR,1978-10-25,Kurashiki,Japan,43,182 cm,75 kg,False,https://media.api-sports.io/football/players/91977.png,2010,1561.0,North Korea,,WC Qualification Asia,,Midfielder,13.0,13.0,1117.0,,False,0.0,2.0,0.0,,,0.0,,,,,,,,,,,,,,,,,2.0,0.0,0.0,,,,,,2010,North Korea,1561
91977,An Yong-Hak,Yong-Hak,An,Korea DPR,1978-10-25,Kurashiki,Japan,43,182 cm,75 kg,False,https://media.api-sports.io/football/players/91977.png,2011,281.0,Kashiwa Reysol,,J1 League,,Midfielder,2.0,1.0,119.0,,False,1.0,1.0,16.0,,,0.0,,,,,,,,,,,,,,,,,0.0,0.0,0.0,,,,,,2010,North Korea,1561
91977,An Yong-Hak,Yong-Hak,An,Korea DPR,1978-10-25,Kurashiki,Japan,43,182 cm,75 kg,False,https://media.api-sports.io/football/players/91977.png,2012,281.0,Kashiwa Reysol,98.0,J1 League,Japan,Midfielder,6.0,2.0,227.0,,False,4.0,1.0,16.0,,,0.0,,,,,,,,,,,,,,,,,2.0,0.0,0.0,,,,,,2010,North Korea,1561
91977,An Yong-Hak,Yong-Hak,An,Korea DPR,1978-10-25,Kurashiki,Japan,43,182 cm,75 kg,False,https://media.api-sports.io/football/players/91977.png,2012,281.0,Kashiwa Reysol,101.0,J-League Cup,Japan,Midfielder,0.0,0.0,0.0,,False,0.0,0.0,2.0,,,0.0,,,,,,,,,,,,,,,,,0.0,0.0,0.0,,,,,,2010,North Korea,1561
91977,An Yong-Hak,Yong-Hak,An,Korea DPR,1978-10-25,Kurashiki,Japan,43,182 cm,75 kg,False,https://media.api-sports.io/football/players/91977.png,2012,281.0,Kashiwa Reysol,,AFC Champions League,,Midfielder,2.0,1.0,134.0,,False,1.0,0.0,4.0,,,0.0,,,,,,,,,,,,,,,,,0.0,0.0,0.0,,,,,,2010,North Korea,1561
91977,An Yong-Hak,Yong-Hak,An,Korea DPR,1978-10-25,Kurashiki,Japan,43,182 cm,75 kg,False,https://media.api-sports.io/football/players/91977.png,2014,307.0,Yokohama FC,99.0,J2 League,Japan,Midfielder,27.0,21.0,1976.0,,False,6.0,2.0,11.0,,,2.0,,,,,,,,,,,,,,,,,6.0,0.0,0.0,,,,,,2010,North Korea,1561
91977,An Yong-Hak,Yong-Hak,An,Korea DPR,1978-10-25,Kurashiki,Japan,43,182 cm,75 kg,False,https://media.api-sports.io/football/players/91977.png,2014,1561.0,North Korea,,WC Qualification Asia,,Midfielder,4.0,4.0,330.0,,False,0.0,2.0,1.0,,,0.0,,,,,,,,,,,,,,,,,2.0,0.0,0.0,,,,,,2010,North Korea,1561
91977,An Yong-Hak,Yong-Hak,An,Korea DPR,1978-10-25,Kurashiki,Japan,43,182 cm,75 kg,False,https://media.api-sports.io/football/players/91977.png,2015,307.0,Yokohama FC,99.0,J2 League,Japan,Midfielder,7.0,3.0,322.0,,False,4.0,1.0,7.0,,,1.0,,,,,,,,,,,,,,,,,1.0,0.0,0.0,,,,,,2010,North Korea,1561
91977,An Yong-Hak,Yong-Hak,An,Korea DPR,1978-10-25,Kurashiki,Japan,43,182 cm,75 kg,False,https://media.api-sports.io/football/players/91977.png,2016,307.0,Yokohama FC,99.0,J2 League,Japan,Midfielder,1.0,1.0,54.0,,False,0.0,1.0,4.0,,,0.0,,,,,,,,,,,,,,,,,1.0,0.0,0.0,,,,,,2010,North Korea,1561
104179,Jong-Hyok Cha,Jong-Hyok,Cha,Korea DPR,1985-09-25,Pyongyang,Korea DPR,30,178 cm,74 kg,False,https://media.api-sports.io/football/players/104179.png,2006,1561.0,North Korea,,WC Qualification Asia,,Defender,1.0,1.0,90.0,,False,0.0,0.0,2.0,,,0.0,,,,,,,,,,,,,,,,,1.0,0.0,0.0,,,,,,2010,North Korea,1561
104179,Jong-Hyok Cha,Jong-Hyok,Cha,Korea DPR,1985-09-25,Pyongyang,Korea DPR,30,178 cm,74 kg,False,https://media.api-sports.io/football/players/104179.png,2010,2179.0,FC WIL 1900,,Challenge League,,Defender,19.0,19.0,1662.0,,False,0.0,6.0,0.0,,,0.0,,,,,,,,,,,,,,,,,4.0,0.0,0.0,,,,,,2010,North Korea,1561
104179,Jong-Hyok Cha,Jong-Hyok,Cha,Korea DPR,1985-09-25,Pyongyang,Korea DPR,30,178 cm,74 kg,False,https://media.api-sports.io/football/players/104179.png,2010,1561.0,North Korea,1.0,World Cup,World,Defender,3.0,3.0,255.0,,False,0.0,1.0,0.0,,,0.0,,,,,,,,,,,,,,,,,0.0,0.0,0.0,,,,,,2010,North Korea,1561
104179,Jong-Hyok Cha,Jong-Hyok,Cha,Korea DPR,1985-09-25,Pyongyang,Korea DPR,30,178 cm,74 kg,False,https://media.api-sports.io/football/players/104179.png,2010,1561.0,North Korea,,WC Qualification Asia,,Defender,15.0,13.0,1230.0,,False,2.0,1.0,3.0,,,0.0,,,,,,,,,,,,,,,,,0.0,0.0,0.0,,,,,,2010,North Korea,1561
104179,Jong-Hyok Cha,Jong-Hyok,Cha,Korea DPR,1985-09-25,Pyongyang,Korea DPR,30,178 cm,74 kg,False,https://media.api-sports.io/football/players/104179.png,2011,2179.0,FC WIL 1900,,Challenge League,,Defender,25.0,25.0,2133.0,,False,0.0,8.0,0.0,,,1.0,,,,,,,,,,,,,,,,,4.0,0.0,0.0,,,,,,2010,North Korea,1561
104179,Jong-Hyok Cha,Jong-Hyok,Cha,Korea DPR,1985-09-25,Pyongyang,Korea DPR,30,178 cm,74 kg,False,https://media.api-sports.io/football/players/104179.png,2011,1561.0,North Korea,,Asian Cup,,Defender,3.0,3.0,270.0,,False,0.0,0.0,0.0,,,0.0,,,,,,,,,,,,,,,,,1.0,0.0,0.0,,,,,,2010,North Korea,1561
104179,Jong-Hyok Cha,Jong-Hyok,Cha,Korea DPR,1985-09-25,Pyongyang,Korea DPR,30,178 cm,74 kg,False,https://media.api-sports.io/football/players/104179.png,2012,2179.0,FC WIL 1900,,Challenge League,,Defender,27.0,23.0,2008.0,,False,4.0,6.0,7.0,,,0.0,,,,,,,,,,,,,,,,,4.0,0.0,2.0,,,,,,2010,North Korea,1561
104179,Jong-Hyok Cha,Jong-Hyok,Cha,Korea DPR,1985-09-25,Pyongyang,Korea DPR,30,178 cm,74 kg,False,https://media.api-sports.io/football/players/104179.png,2013,2179.0,FC WIL 1900,,Challenge League,,Defender,31.0,30.0,2608.0,,False,1.0,3.0,5.0,,,1.0,,,,,,,,,,,,,,,,,5.0,0.0,0.0,,,,,,2010,North Korea,1561
104179,Jong-Hyok Cha,Jong-Hyok,Cha,Korea DPR,1985-09-25,Pyongyang,Korea DPR,30,178 cm,74 kg,False,https://media.api-sports.io/football/players/104179.png,2014,2179.0,FC WIL 1900,,Challenge League,,Defender,11.0,10.0,844.0,,False,1.0,3.0,20.0,,,0.0,,,,,,,,,,,,,,,,,3.0,1.0,0.0,,,,,,2010,North Korea,1561
104179,Jong-Hyok Cha,Jong-Hyok,Cha,Korea DPR,1985-09-25,Pyongyang,Korea DPR,30,178 cm,74 kg,False,https://media.api-sports.io/football/players/104179.png,2014,1561.0,North Korea,,WC Qualification Asia,,Defender,4.0,4.0,305.0,,False,0.0,2.0,1.0,,,0.0,,,,,,,,,,,,,,,,,1.0,0.0,0.0,,,,,,2010,North Korea,1561
104179,Jong-Hyok Cha,Jong-Hyok,Cha,Korea DPR,1985-09-25,Pyongyang,Korea DPR,30,178 cm,74 kg,False,https://media.api-sports.io/football/players/104179.png,2015,2179.0,FC WIL 1900,,Challenge League,,Defender,,,,,False,,,,,,,,,,,,,,,,,,,,,,,,,,,,,,,2010,North Korea,1561
104179,Jong-Hyok Cha,Jong-Hyok,Cha,Korea DPR,1985-09-25,Pyongyang,Korea DPR,30,178 cm,74 kg,False,https://media.api-sports.io/football/players/104179.png,2015,1561.0,North Korea,,Asian Cup,,Defender,2.0,2.0,151.0,,False,0.0,1.0,1.0,,,0.0,,,,,,,,,,,,,,,,,0.0,0.0,0.0,,,,,,2010,North Korea,1561
104274,Yong-Jo Hong,Yong-Jo,Hong,Korea DPR,1982-05-22,Pyongyang,Korea DPR,31,175 cm,68 kg,False,https://media.api-sports.io/football/players/104274.png,2006,1561.0,North Korea,,WC Qualification Asia,,Attacker,8.0,7.0,674.0,,False,1.0,0.0,1.0,,,4.0,,,,,,,,,,,,,,,,,0.0,0.0,0.0,,,,,,2010,North Korea,1561
104274,Yong-Jo Hong,Yong-Jo,Hong,Korea DPR,1982-05-22,Pyongyang,Korea DPR,31,175 cm,68 kg,False,https://media.api-sports.io/football/players/104274.png,2009,779.0,FC Rostov,,Premier League,,Attacker,14.0,10.0,722.0,,False,4.0,6.0,0.0,,,1.0,,,,,,,,,,,,,,,,,3.0,1.0,0.0,,,,,,2010,North Korea,1561
104274,Yong-Jo Hong,Yong-Jo,Hong,Korea DPR,1982-05-22,Pyongyang,Korea DPR,31,175 cm,68 kg,False,https://media.api-sports.io/football/players/104274.png,2010,779.0,FC Rostov,,Premier League,,Attacker,1.0,0.0,9.0,,False,1.0,0.0,2.0,,,0.0,,,,,,,,,,,,,,,,,0.0,0.0,0.0,,,,,,2010,North Korea,1561
104274,Yong-Jo Hong,Yong-Jo,Hong,Korea DPR,1982-05-22,Pyongyang,Korea DPR,31,175 cm,68 kg,False,https://media.api-sports.io/football/players/104274.png,2010,1561.0,North Korea,,WC Qualification Asia,,Attacker,14.0,14.0,1202.0,,False,0.0,5.0,0.0,,,4.0,,,,,,,,,,,,,,,,,1.0,0.0,0.0,,,,,,2010,North Korea,1561
104274,Yong-Jo Hong,Yong-Jo,Hong,Korea DPR,1982-05-22,Pyongyang,Korea DPR,31,175 cm,68 kg,False,https://media.api-sports.io/football/players/104274.png,2010,1561.0,North Korea,1.0,World Cup,World,Attacker,3.0,3.0,270.0,,False,0.0,0.0,0.0,,,0.0,,,,,,,,,,,,,,,,,1.0,0.0,0.0,,,,,,2010,North Korea,1561
104274,Yong-Jo Hong,Yong-Jo,Hong,Korea DPR,1982-05-22,Pyongyang,Korea DPR,31,175 cm,68 kg,False,https://media.api-sports.io/football/players/104274.png,2011,1561.0,North Korea,,Asian Cup,,Attacker,3.0,3.0,228.0,,False,0.0,1.0,0.0,,,0.0,,,,,,,,,,,,,,,,,2.0,0.0,0.0,,,,,,2010,North Korea,1561
104275,Nam-Chol Pak,Nam-Chol,Pak,Korea DPR,1988-10-03,Pyongyang,Korea DPR,35,183 cm,78 kg,False,https://media.api-sports.io/football/players/104275.png,2009,1561.0,North Korea,,Friendlies,,Defender,1.0,1.0,90.0,,False,0.0,0.0,0.0,,,0.0,,,,,,,,,,,,,,,,,0.0,0.0,0.0,,,,,,2010,North Korea,1561
104275,Nam-Chol Pak,Nam-Chol,Pak,Korea DPR,1988-10-03,Pyongyang,Korea DPR,35,183 cm,78 kg,False,https://media.api-sports.io/football/players/104275.png,2010,1561.0,North Korea,1.0,World Cup,World,Defender,0.0,0.0,0.0,,False,0.0,0.0,3.0,,,0.0,,,,,,,,,,,,,,,,,0.0,0.0,0.0,,,,,,2010,North Korea,1561
104275,Nam-Chol Pak,Nam-Chol,Pak,Korea DPR,1988-10-03,Pyongyang,Korea DPR,35,183 cm,78 kg,False,https://media.api-sports.io/football/players/104275.png,2010,1561.0,North Korea,,WC Qualification Asia,,Defender,2.0,0.0,0.0,,False,2.0,0.0,4.0,,,0.0,,,,,,,,,,,,,,,,,0.0,0.0,0.0,,,,,,2010,North Korea,1561
104275,Nam-Chol Pak,Nam-Chol,Pak,Korea DPR,1988-10-03,Pyongyang,Korea DPR,35,183 cm,78 kg,False,https://media.api-sports.io/football/players/104275.png,2010,10939.0,Korea DPR U23,,Asian Games,,Defender,4.0,3.0,268.0,,False,1.0,1.0,2.0,,,0.0,,,,,,,,,,,,,,,,,0.0,0.0,0.0,,,,,,2010,North Korea,1561
104275,Nam-Chol Pak,Nam-Chol,Pak,Korea DPR,1988-10-03,Pyongyang,Korea DPR,34,183 cm,78 kg,False,https://media.api-sports.io/football/players/104275.png,2014,1561.0,North Korea,,WC Qualification Asia,,Defender,5.0,5.0,416.0,,False,0.0,1.0,0.0,,,0.0,,,,,,,,,,,,,,,,,2.0,0.0,0.0,,,,,,2010,North Korea,1561
104288,In-Guk Mun,In-Guk,Mun,Korea DPR,1978-09-29,Pyongyang,Korea DPR,39,169 cm,65 kg,False,https://media.api-sports.io/football/players/104288.png,2006,1561.0,North Korea,,WC Qualification Asia,,Midfielder,8.0,5.0,575.0,,False,3.0,2.0,3.0,,,0.0,,,,,,,,,,,,,,,,,1.0,0.0,0.0,,,,,,2010,North Korea,1561
104288,In-Guk Mun,In-Guk,Mun,Korea DPR,1978-09-29,Pyongyang,Korea DPR,39,169 cm,65 kg,False,https://media.api-sports.io/football/players/104288.png,2009,1561.0,North Korea,,Friendlies,,Midfielder,1.0,1.0,90.0,,False,0.0,0.0,0.0,,,1.0,,,,,,,,,,,,,,,,,0.0,0.0,0.0,,,,,,2010,North Korea,1561
104288,In-Guk Mun,In-Guk,Mun,Korea DPR,1978-09-29,Pyongyang,Korea DPR,39,169 cm,65 kg,False,https://media.api-sports.io/football/players/104288.png,2010,1561.0,North Korea,1.0,World Cup,World,Midfielder,3.0,3.0,205.0,,False,0.0,3.0,0.0,,,0.0,,,,,,,,,,,,,,,,,0.0,0.0,0.0,,,,,,2010,North Korea,1561
104288,In-Guk Mun,In-Guk,Mun,Korea DPR,1978-09-29,Pyongyang,Korea DPR,39,169 cm,65 kg,False,https://media.api-sports.io/football/players/104288.png,2010,1561.0,North Korea,,WC Qualification Asia,,Midfielder,14.0,14.0,1242.0,,False,0.0,3.0,0.0,,,2.0,,,,,,,,,,,,,,,,,1.0,0.0,0.0,,,,,,2010,North Korea,1561
104288,In-Guk Mun,In-Guk,Mun,Korea DPR,1978-09-29,Pyongyang,Korea DPR,39,169 cm,65 kg,False,https://media.api-sports.io/football/players/104288.png,2011,1561.0,North Korea,,Asian Cup,,Midfielder,2.0,1.0,81.0,,False,1.0,1.0,2.0,,,0.0,,,,,,,,,,,,,,,,,0.0,0.0,0.0,,,,,,2010,North Korea,1561
104297,Jun-Il Ri,Jun-Il,Ri,Korea DPR,1987-08-24,Pyongyang,Korea DPR,36,178 cm,66 kg,False,https://media.api-sports.io/football/players/104297.png,2009,1561.0,North Korea,,Friendlies,,Defender,1.0,1.0,90.0,,False,0.0,0.0,0.0,,,0.0,,,,,,,,,,,,,,,,,0.0,0.0,0.0,,,,,,2010,North Korea,1561
104297,Jun-Il Ri,Jun-Il,Ri,Korea DPR,1987-08-24,Pyongyang,Korea DPR,36,178 cm,66 kg,False,https://media.api-sports.io/football/players/104297.png,2010,1561.0,North Korea,,WC Qualification Asia,,Defender,16.0,16.0,1415.0,,False,0.0,1.0,0.0,,,0.0,,,,,,,,,,,,,,,,,0.0,0.0,0.0,,,,,,2010,North Korea,1561
104297,Jun-Il Ri,Jun-Il,Ri,Korea DPR,1987-08-24,Pyongyang,Korea DPR,36,178 cm,66 kg,False,https://media.api-sports.io/football/players/104297.png,2010,1561.0,North Korea,1.0,World Cup,World,Defender,3.0,3.0,270.0,,False,0.0,0.0,0.0,,,0.0,,,,,,,,,,,,,,,,,0.0,0.0,0.0,,,,,,2010,North Korea,1561
104297,Jun-Il Ri,Jun-Il,Ri,Korea DPR,1987-08-24,Pyongyang,Korea DPR,36,178 cm,66 kg,False,https://media.api-sports.io/football/players/104297.png,2010,10939.0,Korea DPR U23,,Asian Games,,Defender,4.0,2.0,213.0,,False,2.0,1.0,3.0,,,0.0,,,,,,,,,,,,,,,,,0.0,0.0,0.0,,,,,,2010,North Korea,1561
104373,Kwang-Chon Ri,Kwang-Chon,Ri,Korea DPR,1985-09-04,Nampho,Korea DPR,29,178 cm,76 kg,False,https://media.api-sports.io/football/players/104373.png,2006,1561.0,North Korea,,WC Qualification Asia,,Defender,10.0,7.0,605.0,,False,3.0,3.0,3.0,,,0.0,,,,,,,,,,,,,,,,,1.0,0.0,0.0,,,,,,2010,North Korea,1561
104373,Kwang-Chon Ri,Kwang-Chon,Ri,Korea DPR,1985-09-04,Nampho,Korea DPR,29,178 cm,76 kg,False,https://media.api-sports.io/football/players/104373.png,2009,1561.0,North Korea,,Friendlies,,Defender,1.0,1.0,90.0,,False,0.0,0.0,0.0,,,0.0,,,,,,,,,,,,,,,,,0.0,0.0,0.0,,,,,,2010,North Korea,1561
104373,Kwang-Chon Ri,Kwang-Chon,Ri,Korea DPR,1985-09-04,Nampho,Korea DPR,29,178 cm,76 kg,False,https://media.api-sports.io/football/players/104373.png,2010,1561.0,North Korea,1.0,World Cup,World,Defender,3.0,3.0,270.0,,False,0.0,0.0,0.0,,,0.0,,,,,,,,,,,,,,,,,0.0,0.0,0.0,,,,,,2010,North Korea,1561
104373,Kwang-Chon Ri,Kwang-Chon,Ri,Korea DPR,1985-09-04,Nampho,Korea DPR,29,178 cm,76 kg,False,https://media.api-sports.io/football/players/104373.png,2010,1561.0,North Korea,,WC Qualification Asia,,Defender,14.0,14.0,1260.0,,False,0.0,0.0,0.0,,,0.0,,,,,,,,,,,,,,,,,1.0,0.0,0.0,,,,,,2010,North Korea,1561
104373,Kwang-Chon Ri,Kwang-Chon,Ri,Korea DPR,1985-09-04,Nampho,Korea DPR,29,178 cm,76 kg,False,https://media.api-sports.io/football/players/104373.png,2011,1561.0,North Korea,,Asian Cup,,Defender,3.0,3.0,270.0,,False,0.0,0.0,0.0,,,0.0,,,,,,,,,,,,,,,,,0.0,0.0,0.0,,,,,,2010,North Korea,1561
104373,Kwang-Chon Ri,Kwang-Chon,Ri,Korea DPR,1985-09-04,Nampho,Korea DPR,29,178 cm,76 kg,False,https://media.api-sports.io/football/players/104373.png,2013,2786.0,Muangthong United,296.0,Thai League 1,Thailand,Defender,23.0,23.0,1996.0,,False,0.0,2.0,0.0,,,1.0,,,,,,,,,,,,,,,,,4.0,0.0,0.0,,,,,,2010,North Korea,1561
104373,Kwang-Chon Ri,Kwang-Chon,Ri,Korea DPR,1985-09-04,Nampho,Korea DPR,29,178 cm,76 kg,False,https://media.api-sports.io/football/players/104373.png,2014,2786.0,Muangthong United,296.0,Thai League 1,Thailand,Defender,1.0,1.0,61.0,,False,0.0,1.0,0.0,,,0.0,,,,,,,,,,,,,,,,,0.0,0.0,0.0,,,,,,2010,North Korea,1561
104373,Kwang-Chon Ri,Kwang-Chon,Ri,Korea DPR,1985-09-04,Nampho,Korea DPR,29,178 cm,76 kg,False,https://media.api-sports.io/football/players/104373.png,2014,2786.0,Muangthong United,,AFC Champions League,,Defender,1.0,1.0,90.0,,False,0.0,0.0,0.0,,,0.0,,,,,,,,,,,,,,,,,0.0,0.0,0.0,,,,,,2010,North Korea,1561
104373,Kwang-Chon Ri,Kwang-Chon,Ri,Korea DPR,1985-09-04,Nampho,Korea DPR,29,178 cm,76 kg,False,https://media.api-sports.io/football/players/104373.png,2014,1561.0,North Korea,,WC Qualification Asia,,Defender,5.0,5.0,450.0,,False,0.0,0.0,0.0,,,0.0,,,,,,,,,,,,,,,,,2.0,0.0,0.0,,,,,,2010,North Korea,1561
104374,Nam-Chol Pak,Nam-Chol,Pak,Korea DPR,1985-07-02,Pyongyang,Korea DPR,30,171 cm,70 kg,False,https://media.api-sports.io/football/players/104374.png,2006,1561.0,North Korea,,WC Qualification Asia,,Midfielder,5.0,1.0,190.0,,False,4.0,0.0,9.0,,,0.0,,,,,,,,,,,,,,,,,1.0,0.0,0.0,,,,,,2010,North Korea,1561
104374,Nam-Chol Pak,Nam-Chol,Pak,Korea DPR,1985-07-02,Pyongyang,Korea DPR,30,171 cm,70 kg,False,https://media.api-sports.io/football/players/104374.png,2009,1561.0,North Korea,,Friendlies,,Midfielder,3.0,3.0,270.0,,False,0.0,0.0,0.0,,,0.0,,,,,,,,,,,,,,,,,1.0,0.0,0.0,,,,,,2010,North Korea,1561
104374,Nam-Chol Pak,Nam-Chol,Pak,Korea DPR,1985-07-02,Pyongyang,Korea DPR,30,171 cm,70 kg,False,https://media.api-sports.io/football/players/104374.png,2010,1561.0,North Korea,,WC Qualification Asia,,Midfielder,12.0,9.0,862.0,,False,3.0,1.0,5.0,,,1.0,,,,,,,,,,,,,,,,,0.0,0.0,0.0,,,,,,2010,North Korea,1561
104374,Nam-Chol Pak,Nam-Chol,Pak,Korea DPR,1985-07-02,Pyongyang,Korea DPR,30,171 cm,70 kg,False,https://media.api-sports.io/football/players/104374.png,2010,1561.0,North Korea,1.0,World Cup,World,Midfielder,3.0,3.0,238.0,,False,0.0,1.0,0.0,,,0.0,,,,,,,,,,,,,,,,,0.0,0.0,0.0,,,,,,2010,North Korea,1561
104374,Nam-Chol Pak,Nam-Chol,Pak,Korea DPR,1985-07-02,Pyongyang,Korea DPR,30,171 cm,70 kg,False,https://media.api-sports.io/football/players/104374.png,2011,1561.0,North Korea,,Asian Cup,,Midfielder,2.0,1.0,132.0,,False,1.0,0.0,2.0,,,0.0,,,,,,,,,,,,,,,,,1.0,0.0,0.0,,,,,,2010,North Korea,1561
104374,Nam-Chol Pak,Nam-Chol,Pak,Korea DPR,1985-07-02,Pyongyang,Korea DPR,30,171 cm,70 kg,False,https://media.api-sports.io/football/players/104374.png,2013,2786.0,Muangthong United,296.0,Thai League 1,Thailand,Midfielder,17.0,11.0,917.0,,False,6.0,7.0,13.0,,,1.0,,,,,,,,,,,,,,,,,1.0,0.0,0.0,,,,,,2010,North Korea,1561
104374,Nam-Chol Pak,Nam-Chol,Pak,Korea DPR,1985-07-02,Pyongyang,Korea DPR,30,171 cm,70 kg,False,https://media.api-sports.io/football/players/104374.png,2014,2777.0,Sisaket,296.0,Thai League 1,Thailand,Midfielder,4.0,3.0,236.0,,False,1.0,2.0,2.0,,,1.0,,,,,,,,,,,,,,,,,0.0,0.0,0.0,,,,,,2010,North Korea,1561
104374,Nam-Chol Pak,Nam-Chol,Pak,Korea DPR,1985-07-02,Pyongyang,Korea DPR,30,171 cm,70 kg,False,https://media.api-sports.io/football/players/104374.png,2014,1561.0,North Korea,,WC Qualification Asia,,Midfielder,6.0,5.0,455.0,,False,1.0,0.0,1.0,,,2.0,,,,,,,,,,,,,,,,,0.0,0.0,0.0,,,,,,2010,North Korea,1561
104374,Nam-Chol Pak,Nam-Chol,Pak,Korea DPR,1985-07-02,Pyongyang,Korea DPR,30,171 cm,70 kg,False,https://media.api-sports.io/football/players/104374.png,2015,2777.0,Sisaket,296.0,Thai League 1,Thailand,Midfielder,,,,,False,,,,,,,,,,,,,,,,,,,,,,,,,,,,,,,2010,North Korea,1561
104375,Chol-Hyok An,Chol-Hyok,An,Korea DPR,1987-06-27,Pyongyang,Korea DPR,27,178 cm,72 kg,False,https://media.api-sports.io/football/players/104375.png,2006,1561.0,North Korea,,WC Qualification Asia,,Attacker,1.0,1.0,90.0,,False,0.0,0.0,0.0,,,1.0,,,,,,,,,,,,,,,,,0.0,0.0,0.0,,,,,,2010,North Korea,1561
104375,Chol-Hyok An,Chol-Hyok,An,Korea DPR,1987-06-27,Pyongyang,Korea DPR,27,178 cm,72 kg,False,https://media.api-sports.io/football/players/104375.png,2010,1561.0,North Korea,,WC Qualification Asia,,Attacker,3.0,0.0,109.0,,False,3.0,1.0,12.0,,,1.0,,,,,,,,,,,,,,,,,1.0,0.0,0.0,,,,,,2010,North Korea,1561
104375,Chol-Hyok An,Chol-Hyok,An,Korea DPR,1987-06-27,Pyongyang,Korea DPR,27,178 cm,72 kg,False,https://media.api-sports.io/football/players/104375.png,2010,1561.0,North Korea,1.0,World Cup,World,Attacker,0.0,0.0,0.0,,False,0.0,0.0,3.0,,,0.0,,,,,,,,,,,,,,,,,0.0,0.0,0.0,,,,,,2010,North Korea,1561
104375,Chol-Hyok An,Chol-Hyok,An,Korea DPR,1987-06-27,Pyongyang,Korea DPR,27,178 cm,72 kg,False,https://media.api-sports.io/football/players/104375.png,2011,1561.0,North Korea,,Asian Cup,,Attacker,1.0,0.0,42.0,,False,1.0,0.0,3.0,,,0.0,,,,,,,,,,,,,,,,,0.0,0.0,0.0,,,,,,2010,North Korea,1561
104375,Chol-Hyok An,Chol-Hyok,An,Korea DPR,1987-06-27,Pyongyang,Korea DPR,27,178 cm,72 kg,False,https://media.api-sports.io/football/players/104375.png,2014,1561.0,North Korea,,WC Qualification Asia,,Attacker,2.0,0.0,30.0,,False,2.0,0.0,5.0,,,0.0,,,,,,,,,,,,,,,,,0.0,0.0,0.0,,,,,,2010,North Korea,1561
104378,Myong-Gil Kim,Myong-Gil,Kim,Korea DPR,1984-10-16,Pyongyang,Korea DPR,39,180 cm,70 kg,False,https://media.api-sports.io/football/players/104378.png,2006,1561.0,North Korea,,WC Qualification Asia,,Goalkeeper,5.0,5.0,450.0,,False,0.0,0.0,0.0,,,0.0,,,,,,,,,,,,,,,,,1.0,0.0,0.0,,,,,,2010,North Korea,1561
104378,Myong-Gil Kim,Myong-Gil,Kim,Korea DPR,1984-10-16,Pyongyang,Korea DPR,39,180 cm,70 kg,False,https://media.api-sports.io/football/players/104378.png,2009,1561.0,North Korea,,Friendlies,,Goalkeeper,1.0,0.0,32.0,,False,1.0,0.0,0.0,,,0.0,,,,,,,,,,,,,,,,,0.0,0.0,0.0,,,,,,2010,North Korea,1561
104378,Myong-Gil Kim,Myong-Gil,Kim,Korea DPR,1984-10-16,Pyongyang,Korea DPR,39,180 cm,70 kg,False,https://media.api-sports.io/football/players/104378.png,2010,1561.0,North Korea,1.0,World Cup,World,Goalkeeper,0.0,0.0,0.0,,False,0.0,0.0,3.0,,,0.0,,,,,,,,,,,,,,,,,0.0,0.0,0.0,,,,,,2010,North Korea,1561
104378,Myong-Gil Kim,Myong-Gil,Kim,Korea DPR,1984-10-16,Pyongyang,Korea DPR,39,180 cm,70 kg,False,https://media.api-sports.io/football/players/104378.png,2010,1561.0,North Korea,,WC Qualification Asia,,Goalkeeper,0.0,0.0,0.0,,False,0.0,0.0,14.0,,,0.0,,,,,,,,,,,,,,,,,0.0,0.0,0.0,,,,,,2010,North Korea,1561
104378,Myong-Gil Kim,Myong-Gil,Kim,Korea DPR,1984-10-16,Pyongyang,Korea DPR,39,180 cm,70 kg,False,https://media.api-sports.io/football/players/104378.png,2014,1561.0,North Korea,,WC Qualification Asia,,Goalkeeper,1.0,1.0,90.0,,False,0.0,0.0,5.0,,,0.0,,,,,,,,,,,,,,,,,0.0,0.0,0.0,,,,,,2010,North Korea,1561
104379,Kwang-Hyok Ri,Kwang-Hyok,Ri,Korea DPR,1987-08-17,Pyongyang,Korea DPR,36,178 cm,70 kg,False,https://media.api-sports.io/football/players/104379.png,2009,1561.0,North Korea,,Friendlies,,Defender,2.0,2.0,119.0,,False,0.0,1.0,0.0,,,0.0,,,,,,,,,,,,,,,,,1.0,0.0,0.0,,,,,,2010,North Korea,1561
104379,Kwang-Hyok Ri,Kwang-Hyok,Ri,Korea DPR,1987-08-17,Pyongyang,Korea DPR,36,178 cm,70 kg,False,https://media.api-sports.io/football/players/104379.png,2010,10939.0,Korea DPR U23,,Asian Games,,Defender,5.0,5.0,480.0,,False,0.0,0.0,0.0,,,0.0,,,,,,,,,,,,,,,,,0.0,0.0,0.0,,,,,,2010,North Korea,1561
104379,Kwang-Hyok Ri,Kwang-Hyok,Ri,Korea DPR,1987-08-17,Pyongyang,Korea DPR,36,178 cm,70 kg,False,https://media.api-sports.io/football/players/104379.png,2010,1561.0,North Korea,,Friendlies,,Defender,1.0,0.0,49.0,,False,1.0,0.0,0.0,,,0.0,,,,,,,,,,,,,,,,,0.0,0.0,0.0,,,,,,2010,North Korea,1561
104379,Kwang-Hyok Ri,Kwang-Hyok,Ri,Korea DPR,1987-08-17,Pyongyang,Korea DPR,36,178 cm,70 kg,False,https://media.api-sports.io/football/players/104379.png,2013,1561.0,North Korea,,Friendlies,,Defender,1.0,0.0,18.0,,False,1.0,0.0,0.0,,,0.0,,,,,,,,,,,,,,,,,0.0,0.0,0.0,,,,,,2010,North Korea,1561
104379,Kwang-Hyok Ri,Kwang-Hyok,Ri,Korea DPR,1987-08-17,Pyongyang,Korea DPR,36,178 cm,70 kg,False,https://media.api-sports.io/football/players/104379.png,2014,10939.0,Korea DPR U23,,Asian Games,,Defender,0.0,0.0,0.0,,False,0.0,0.0,0.0,,,0.0,,,,,,,,,,,,,,,,,0.0,0.0,0.0,,,,,,2010,North Korea,1561
104380,Chol-Jin Pak,Chol-Jin,Pak,Korea DPR,1985-09-05,Pyongyang,Korea DPR,37,178 cm,70 kg,False,https://media.api-sports.io/football/players/104380.png,2006,1561.0,North Korea,,WC Qualification Asia,,Defender,4.0,4.0,282.0,,False,0.0,2.0,1.0,,,0.0,,,,,,,,,,,,,,,,,1.0,0.0,0.0,,,,,,2010,North Korea,1561
104380,Chol-Jin Pak,Chol-Jin,Pak,Korea DPR,1985-09-05,Pyongyang,Korea DPR,38,178 cm,70 kg,False,https://media.api-sports.io/football/players/104380.png,2009,1561.0,North Korea,,Friendlies,,Defender,1.0,0.0,61.0,,False,1.0,0.0,0.0,,,0.0,,,,,,,,,,,,,,,,,0.0,0.0,0.0,,,,,,2010,North Korea,1561
104380,Chol-Jin Pak,Chol-Jin,Pak,Korea DPR,1985-09-05,Pyongyang,Korea DPR,38,178 cm,70 kg,False,https://media.api-sports.io/football/players/104380.png,2010,1561.0,North Korea,1.0,World Cup,World,Defender,3.0,3.0,270.0,,False,0.0,0.0,0.0,,,0.0,,,,,,,,,,,,,,,,,1.0,0.0,0.0,,,,,,2010,North Korea,1561
104380,Chol-Jin Pak,Chol-Jin,Pak,Korea DPR,1985-09-05,Pyongyang,Korea DPR,38,178 cm,70 kg,False,https://media.api-sports.io/football/players/104380.png,2010,1561.0,North Korea,,WC Qualification Asia,,Defender,13.0,13.0,1078.0,,False,0.0,2.0,0.0,,,0.0,,,,,,,,,,,,,,,,,0.0,0.0,0.0,,,,,,2010,North Korea,1561
104381,Yong-Jun Kim,Yong-Jun,Kim,Korea DPR,1983-07-19,Pyongyang,Korea DPR,30,178 cm,67 kg,False,https://media.api-sports.io/football/players/104381.png,2006,1561.0,North Korea,,WC Qualification Asia,,Midfielder,11.0,11.0,967.0,,False,0.0,2.0,0.0,,,0.0,,,,,,,,,,,,,,,,,1.0,0.0,0.0,,,,,,2010,North Korea,1561
104381,Yong-Jun Kim,Yong-Jun,Kim,Korea DPR,1983-07-19,Pyongyang,Korea DPR,30,178 cm,67 kg,False,https://media.api-sports.io/football/players/104381.png,2009,1561.0,North Korea,,Friendlies,,Midfielder,2.0,2.0,157.0,,False,0.0,1.0,0.0,,,0.0,,,,,,,,,,,,,,,,,0.0,0.0,0.0,,,,,,2010,North Korea,1561
104381,Yong-Jun Kim,Yong-Jun,Kim,Korea DPR,1983-07-19,Pyongyang,Korea DPR,30,178 cm,67 kg,False,https://media.api-sports.io/football/players/104381.png,2010,1561.0,North Korea,,WC Qualification Asia,,Midfielder,11.0,8.0,518.0,,False,3.0,7.0,6.0,,,0.0,,,,,,,,,,,,,,,,,0.0,0.0,1.0,,,,,,2010,North Korea,1561
104381,Yong-Jun Kim,Yong-Jun,Kim,Korea DPR,1983-07-19,Pyongyang,Korea DPR,30,178 cm,67 kg,False,https://media.api-sports.io/football/players/104381.png,2010,1561.0,North Korea,1.0,World Cup,World,Midfielder,1.0,0.0,32.0,,False,1.0,0.0,3.0,,,0.0,,,,,,,,,,,,,,,,,0.0,0.0,0.0,,,,,,2010,North Korea,1561
104381,Yong-Jun Kim,Yong-Jun,Kim,Korea DPR,1983-07-19,Pyongyang,Korea DPR,30,178 cm,67 kg,False,https://media.api-sports.io/football/players/104381.png,2011,1561.0,North Korea,,Asian Cup,,Midfielder,0.0,0.0,0.0,,False,0.0,0.0,3.0,,,0.0,,,,,,,,,,,,,,,,,0.0,0.0,0.0,,,,,,2010,North Korea,1561
104381,Yong-Jun Kim,Yong-Jun,Kim,Korea DPR,1983-07-19,Pyongyang,Korea DPR,30,178 cm,67 kg,False,https://media.api-sports.io/football/players/104381.png,2014,1561.0,North Korea,,WC Qualification Asia,,Midfielder,1.0,1.0,56.0,,False,0.0,1.0,2.0,,,0.0,,,,,,,,,,,,,,,,,0.0,0.0,0.0,,,,,,2010,North Korea,1561
104382,Yun-Nam Ji,Yun-Nam,Ji,Korea DPR,1976-11-20,Pyongyang,Korea DPR,41,176 cm,67 kg,False,https://media.api-sports.io/football/players/104382.png,2006,1561.0,North Korea,,WC Qualification Asia,,Midfielder,3.0,0.0,114.0,,False,3.0,0.0,5.0,,,0.0,,,,,,,,,,,,,,,,,0.0,0.0,0.0,,,,,,2010,North Korea,1561
104382,Yun-Nam Ji,Yun-Nam,Ji,Korea DPR,1976-11-20,Pyongyang,Korea DPR,41,176 cm,67 kg,False,https://media.api-sports.io/football/players/104382.png,2009,1561.0,North Korea,,Friendlies,,Midfielder,1.0,1.0,90.0,,False,0.0,0.0,0.0,,,0.0,,,,,,,,,,,,,,,,,0.0,0.0,0.0,,,,,,2010,North Korea,1561
104382,Yun-Nam Ji,Yun-Nam,Ji,Korea DPR,1976-11-20,Pyongyang,Korea DPR,41,176 cm,67 kg,False,https://media.api-sports.io/football/players/104382.png,2010,1561.0,North Korea,1.0,World Cup,World,Midfielder,3.0,3.0,270.0,,False,0.0,0.0,0.0,,,1.0,,,,,,,,,,,,,,,,,0.0,0.0,0.0,,,,,,2010,North Korea,1561
104382,Yun-Nam Ji,Yun-Nam,Ji,Korea DPR,1976-11-20,Pyongyang,Korea DPR,41,176 cm,67 kg,False,https://media.api-sports.io/football/players/104382.png,2010,1561.0,North Korea,,WC Qualification Asia,,Midfielder,5.0,5.0,440.0,,False,0.0,1.0,5.0,,,0.0,,,,,,,,,,,,,,,,,0.0,0.0,0.0,,,,,,2010,North Korea,1561
104382,Yun-Nam Ji,Yun-Nam,Ji,Korea DPR,1976-11-20,Pyongyang,Korea DPR,41,176 cm,67 kg,False,https://media.api-sports.io/football/players/104382.png,2011,1561.0,North Korea,,Asian Cup,,Midfielder,0.0,0.0,0.0,,False,0.0,0.0,3.0,,,0.0,,,,,,,,,,,,,,,,,0.0,0.0,0.0,,,,,,2010,North Korea,1561
104383,Kum-Chol Choe,Kum-Chol,Choe,Korea DPR,1987-02-09,Pyongyang,Korea DPR,36,182 cm,75 kg,False,https://media.api-sports.io/football/players/104383.png,2009,1561.0,North Korea,,Friendlies,,Attacker,1.0,1.0,58.0,,False,0.0,1.0,0.0,,,0.0,,,,,,,,,,,,,,,,,0.0,0.0,0.0,,,,,,2010,North Korea,1561
104383,Kum-Chol Choe,Kum-Chol,Choe,Korea DPR,1987-02-09,Pyongyang,Korea DPR,36,182 cm,75 kg,False,https://media.api-sports.io/football/players/104383.png,2010,1561.0,North Korea,1.0,World Cup,World,Attacker,1.0,0.0,23.0,,False,1.0,0.0,3.0,,,0.0,,,,,,,,,,,,,,,,,0.0,0.0,0.0,,,,,,2010,North Korea,1561
104383,Kum-Chol Choe,Kum-Chol,Choe,Korea DPR,1987-02-09,Pyongyang,Korea DPR,36,182 cm,75 kg,False,https://media.api-sports.io/football/players/104383.png,2010,1561.0,North Korea,,WC Qualification Asia,,Attacker,8.0,2.0,253.0,,False,6.0,2.0,9.0,,,2.0,,,,,,,,,,,,,,,,,0.0,0.0,0.0,,,,,,2010,North Korea,1561
104383,Kum-Chol Choe,Kum-Chol,Choe,Korea DPR,1987-02-09,Pyongyang,Korea DPR,36,182 cm,75 kg,False,https://media.api-sports.io/football/players/104383.png,2010,10939.0,Korea DPR U23,,Asian Games,,Attacker,5.0,4.0,405.0,,False,1.0,0.0,1.0,,,3.0,,,,,,,,,,,,,,,,,2.0,0.0,0.0,,,,,,2010,North Korea,1561
118038,Kum-Il Kim,Kum-Il,Kim,Korea DPR,1987-10-10,Pyongyang,Korea DPR,30,171 cm,65 kg,False,https://media.api-sports.io/football/players/118038.png,2009,1561.0,North Korea,,Friendlies,,Attacker,1.0,1.0,90.0,,False,0.0,0.0,0.0,,,0.0,,,,,,,,,,,,,,,,,0.0,0.0,0.0,,,,,,2010,North Korea,1561
118038,Kum-Il Kim,Kum-Il,Kim,Korea DPR,1987-10-10,Pyongyang,Korea DPR,30,171 cm,65 kg,False,https://media.api-sports.io/football/players/118038.png,2010,1561.0,North Korea,,WC Qualification Asia,,Attacker,3.0,0.0,36.0,,False,3.0,0.0,13.0,,,0.0,,,,,,,,,,,,,,,,,0.0,0.0,0.0,,,,,,2010,North Korea,1561
118038,Kum-Il Kim,Kum-Il,Kim,Korea DPR,1987-10-10,Pyongyang,Korea DPR,30,171 cm,65 kg,False,https://media.api-sports.io/football/players/118038.png,2010,1561.0,North Korea,1.0,World Cup,World,Attacker,2.0,0.0,42.0,,False,2.0,0.0,3.0,,,0.0,,,,,,,,,,,,,,,,,0.0,0.0,0.0,,,,,,2010,North Korea,1561
118039,Chol-Myong Ri,Chol-Myong,Ri,Korea DPR,1988-02-18,Pyongyang,Korea DPR,35,172 cm,64 kg,False,https://media.api-sports.io/football/players/118039.png,2009,1561.0,North Korea,,Friendlies,,Midfielder,1.0,0.0,32.0,,False,1.0,0.0,0.0,,,0.0,,,,,,,,,,,,,,,,,0.0,0.0,0.0,,,,,,2010,North Korea,1561
118039,Chol-Myong Ri,Chol-Myong,Ri,Korea DPR,1988-02-18,Pyongyang,Korea DPR,35,172 cm,64 kg,False,https://media.api-sports.io/football/players/118039.png,2010,1561.0,North Korea,1.0,World Cup,World,Midfielder,0.0,0.0,0.0,,False,0.0,0.0,3.0,,,0.0,,,,,,,,,,,,,,,,,0.0,0.0,0.0,,,,,,2010,North Korea,1561
118039,Chol-Myong Ri,Chol-Myong,Ri,Korea DPR,1988-02-18,Pyongyang,Korea DPR,35,172 cm,64 kg,False,https://media.api-sports.io/football/players/118039.png,2010,1561.0,North Korea,,WC Qualification Asia,,Midfielder,2.0,2.0,134.0,,False,0.0,1.0,1.0,,,0.0,,,,,,,,,,,,,,,,,0.0,0.0,1.0,,,,,,2010,North Korea,1561
118039,Chol-Myong Ri,Chol-Myong,Ri,Korea DPR,1988-02-18,Pyongyang,Korea DPR,35,172 cm,64 kg,False,https://media.api-sports.io/football/players/118039.png,2010,10939.0,Korea DPR U23,,Asian Games,,Midfielder,5.0,4.0,402.0,,False,1.0,1.0,1.0,,,0.0,,,,,,,,,,,,,,,,,0.0,0.0,0.0,,,,,,2010,North Korea,1561
118039,Chol-Myong Ri,Chol-Myong,Ri,Korea DPR,1988-02-18,Pyongyang,Korea DPR,35,172 cm,64 kg,False,https://media.api-sports.io/football/players/118039.png,2014,1561.0,North Korea,,WC Qualification Asia,,Midfielder,6.0,4.0,394.0,,False,2.0,3.0,2.0,,,0.0,,,,,,,,,,,,,,,,,0.0,0.0,0.0,,,,,,2010,North Korea,1561
118039,Chol-Myong Ri,Chol-Myong,Ri,Korea DPR,1988-02-18,Pyongyang,Korea DPR,35,172 cm,64 kg,False,https://media.api-sports.io/football/players/118039.png,2016,1561.0,North Korea,,Friendlies,,Midfielder,0.0,0.0,0.0,,False,0.0,0.0,0.0,,,0.0,,,,,,,,,,,,,,,,,0.0,0.0,0.0,,,,,,2010,North Korea,1561
118039,Chol-Myong Ri,Chol-Myong,Ri,Korea DPR,1988-02-18,Pyongyang,Korea DPR,35,172 cm,64 kg,False,https://media.api-sports.io/football/players/118039.png,2018,1561.0,North Korea,30.0,World Cup - Qualification Asia,World,Midfielder,8.0,8.0,701.0,,False,0.0,1.0,0.0,,,0.0,,,,,,,,,,,,,,,,,1.0,0.0,0.0,,,,,,2010,North Korea,1561
118040,Kyong-Il Kim,Kyong-Il,Kim,Korea DPR,1988-12-11,Pyongyang,Korea DPR,35,173 cm,64 kg,False,https://media.api-sports.io/football/players/118040.png,2010,1561.0,North Korea,,WC Qualification Asia,,Midfielder,1.0,1.0,30.0,,False,0.0,1.0,0.0,,,0.0,,,,,,,,,,,,,,,,,0.0,0.0,0.0,,,,,,2010,North Korea,1561
118040,Kyong-Il Kim,Kyong-Il,Kim,Korea DPR,1988-12-11,Pyongyang,Korea DPR,35,173 cm,64 kg,False,https://media.api-sports.io/football/players/118040.png,2010,1561.0,North Korea,1.0,World Cup,World,Midfielder,0.0,0.0,0.0,,False,0.0,0.0,3.0,,,0.0,,,,,,,,,,,,,,,,,0.0,0.0,0.0,,,,,,2010,North Korea,1561
118041,Myong-Won Kim,Myong-Won,Kim,Korea DPR,1983-07-15,Pyongyang,Korea DPR,33,179 cm,72 kg,False,https://media.api-sports.io/football/players/118041.png,2010,1561.0,North Korea,,WC Qualification Asia,,Attacker,2.0,0.0,7.0,,False,2.0,0.0,7.0,,,0.0,,,,,,,,,,,,,,,,,0.0,0.0,0.0,,,,,,2010,North Korea,1561
118041,Myong-Won Kim,Myong-Won,Kim,Korea DPR,1983-07-15,Pyongyang,Korea DPR,33,179 cm,72 kg,False,https://media.api-sports.io/football/players/118041.png,2010,1561.0,North Korea,1.0,World Cup,World,Attacker,0.0,0.0,0.0,,False,0.0,0.0,3.0,,,0.0,,,,,,,,,,,,,,,,,0.0,0.0,0.0,,,,,,2010,North Korea,1561
118042,Song-Chol Nam,Song-Chol,Nam,Korea DPR,1982-05-07,Pyongyang,Korea DPR,35,171 cm,64 kg,False,https://media.api-sports.io/football/players/118042.png,2006,1561.0,North Korea,,WC Qualification Asia,,Defender,9.0,6.0,627.0,,False,3.0,0.0,3.0,,,1.0,,,,,,,,,,,,,,,,,1.0,0.0,1.0,,,,,,2010,North Korea,1561
118042,Song-Chol Nam,Song-Chol,Nam,Korea DPR,1982-05-07,Pyongyang,Korea DPR,35,171 cm,64 kg,False,https://media.api-sports.io/football/players/118042.png,2009,1561.0,North Korea,,Friendlies,,Defender,1.0,1.0,90.0,,False,0.0,0.0,0.0,,,0.0,,,,,,,,,,,,,,,,,0.0,0.0,0.0,,,,,,2010,North Korea,1561
118042,Song-Chol Nam,Song-Chol,Nam,Korea DPR,1982-05-07,Pyongyang,Korea DPR,35,171 cm,64 kg,False,https://media.api-sports.io/football/players/118042.png,2010,1561.0,North Korea,1.0,World Cup,World,Defender,1.0,0.0,15.0,,False,1.0,0.0,3.0,,,0.0,,,,,,,,,,,,,,,,,0.0,0.0,0.0,,,,,,2010,North Korea,1561
118042,Song-Chol Nam,Song-Chol,Nam,Korea DPR,1982-05-07,Pyongyang,Korea DPR,35,171 cm,64 kg,False,https://media.api-sports.io/football/players/118042.png,2010,1561.0,North Korea,,WC Qualification Asia,,Defender,10.0,9.0,820.0,,False,1.0,0.0,4.0,,,0.0,,,,,,,,,,,,,,,,,2.0,0.0,0.0,,,,,,2010,North Korea,1561
118043,Pak Sung-Hyok,Sung-Hyok,Pak,Korea DPR,1990-05-30,Pyongyang,Korea DPR,31,180 cm,73 kg,False,https://media.api-sports.io/football/players/118043.png,2009,1561.0,North Korea,,Friendlies,,Defender,1.0,0.0,23.0,,False,1.0,0.0,0.0,,,0.0,,,,,,,,,,,,,,,,,0.0,0.0,0.0,,,,,,2010,North Korea,1561
118043,Pak Sung-Hyok,Sung-Hyok,Pak,Korea DPR,1990-05-30,Pyongyang,Korea DPR,31,180 cm,73 kg,False,https://media.api-sports.io/football/players/118043.png,2010,1561.0,North Korea,1.0,World Cup,World,Defender,0.0,0.0,0.0,,False,0.0,0.0,3.0,,,0.0,,,,,,,,,,,,,,,,,0.0,0.0,0.0,,,,,,2010,North Korea,1561
