player_id,player_name,firstname,lastname,nationality,birth_date,birth_place,birth_country,age,height,height_cm,weight,weight_kg,season,team_id,team_name,league_id,league_name,league_country,position,captain,injured,appearances,lineups,minutes,rating,substitutes_in,substitutes_out,substitutes_bench,shots_total,shots_on_target,goals,assists,penalty_scored,penalty_missed,passes_total,passes_key,passes_accuracy,tackles_total,tackles_blocks,tackles_interceptions,duels_total,duels_won,dribbles_attempts,dribbles_success,fouls_drawn,fouls_committed,cards_yellow,cards_yellowred,cards_red,penalty_won,penalty_committed,goals_conceded,saves,penalty_saved,wc_years,wc_teams,wc_team_ids,photo
33351,Tae-Se Jong,Tae-Se,Jong,Korea DPR,1984-03-02,Nagoya,Japan,39,181 cm,181.0,80 kg,80.0,2007,294.0,Kawasaki Frontale,,J1 League,,Attacker,False,False,0.0,,,,,,,,,12.0,,,,,,,,,,,,,,,,,,,,,,,,2010,North Korea,1561,https://media.api-sports.io/football/players/33351.png
33351,Tae-Se Jong,Tae-Se,Jong,Korea DPR,1984-03-02,Nagoya,Japan,39,181 cm,181.0,80 kg,80.0,2008,294.0,Kawasaki Frontale,,J1 League,,Attacker,False,False,0.0,,,,,,,,,14.0,,,,,,,,,,,,,,,,,,,,,,,,2010,North Korea,1561,https://media.api-sports.io/football/players/33351.png
33351,Tae-Se Jong,Tae-Se,Jong,Korea DPR,1984-03-02,Nagoya,Japan,39,181 cm,181.0,80 kg,80.0,2009,294.0,Kawasaki Frontale,,J1 League,,Attacker,False,False,29.0,24.0,2188.0,,5.0,10.0,0.0,,,15.0,,,,,,,,,,,,,,,,7.0,0.0,0.0,,,,,,2010,North Korea,1561,https://media.api-sports.io/football/players/33351.png
33351,Tae-Se Jong,Tae-Se,Jong,Korea DPR,1984-03-02,Nagoya,Japan,39,181 cm,181.0,80 kg,80.0,2010,176.0,VfL Bochum,,2. Bundesliga,,Attacker,False,False,25.0,18.0,1665.0,,7.0,7.0,9.0,,,10.0,,,,,,,,,,,,,,,,6.0,0.0,0.0,,,,,,2010,North Korea,1561,https://media.api-sports.io/football/players/33351.png
33351,Tae-Se Jong,Tae-Se,Jong,Korea DPR,1984-03-02,Nagoya,Japan,39,181 cm,181.0,80 kg,80.0,2010,176.0,VfL Bochum,78.0,Bundesliga,Germany,Attacker,False,False,1.0,0.0,44.0,,1.0,0.0,1.0,,,0.0,,,,,,,,,,,,,,,,0.0,0.0,0.0,,,,,,2010,North Korea,1561,https://media.api-sports.io/football/players/33351.png
33351,Tae-Se Jong,Tae-Se,Jong,Korea DPR,1984-03-02,Nagoya,Japan,39,181 cm,181.0,80 kg,80.0,2010,294.0,Kawasaki Frontale,,J1 League,,Attacker,False,False,10.0,10.0,824.0,,0.0,4.0,0.0,,,5.0,,,,,,,,,,,,,,,,4.0,0.0,0.0,,,,,,2010,North Korea,1561,https://media.api-sports.io/football/players/33351.png
33351,Tae-Se Jong,Tae-Se,Jong,Korea DPR,1984-03-02,Nagoya,Japan,39,181 cm,181.0,80 kg,80.0,2010,1561.0,North Korea,,WC Qualification Asia,,Attacker,False,False,12.0,12.0,1079.0,,0.0,2.0,0.0,,,1.0,,,,,,,,,,,,,,,,4.0,0.0,0.0,,,,,,2010,North Korea,1561,https://media.api-sports.io/football/players/33351.png
33351,Tae-Se Jong,Tae-Se,Jong,Korea DPR,1984-03-02,Nagoya,Japan,39,181 cm,181.0,80 kg,80.0,2010,1561.0,North Korea,1.0,World Cup,World,Attacker,False,False,3.0,3.0,270.0,,0.0,0.0,0.0,,,0.0,,,,,,,,,,,,,,,,0.0,0.0,0.0,,,,,,2010,North Korea,1561,https://media.api-sports.io/football/players/33351.png
33351,Tae-Se Jong,Tae-Se,Jong,Korea DPR,1984-03-02,Nagoya,Japan,39,181 cm,181.0,80 kg,80.0,2011,176.0,VfL Bochum,79.0,2. Bundesliga,Germany,Attacker,False,False,14.0,13.0,1127.0,,1.0,7.0,2.0,,,4.0,,,,,,,,,,,,,,,,0.0,0.0,0.0,,,,,,2010,North Korea,1561,https://media.api-sports.io/football/players/33351.png
33351,Tae-Se Jong,Tae-Se,Jong,Korea DPR,1984-03-02,Nagoya,Japan,39,181 cm,181.0,80 kg,80.0,2011,192.0,1. FC Köln,78.0,Bundesliga,Germany,Attacker,False,False,5.0,0.0,148.0,,5.0,0.0,14.0,,,0.0,,,,,,,,,,,,,,,,0.0,0.0,0.0,,,,,,2010,North Korea,1561,https://media.api-sports.io/football/players/33351.png
33351,Tae-Se Jong,Tae-Se,Jong,Korea DPR,1984-03-02,Nagoya,Japan,39,181 cm,181.0,80 kg,80.0,2011,176.0,VfL Bochum,81.0,DFB Pokal,Germany,Attacker,False,False,2.0,2.0,180.0,,0.0,0.0,0.0,,,1.0,,,,,,,,,,,,,,,,0.0,0.0,0.0,,,,,,2010,North Korea,1561,https://media.api-sports.io/football/players/33351.png
33351,Tae-Se Jong,Tae-Se,Jong,Korea DPR,1984-03-02,Nagoya,Japan,39,181 cm,181.0,80 kg,80.0,2012,192.0,1. FC Köln,79.0,2. Bundesliga,Germany,Attacker,False,False,5.0,2.0,172.0,,3.0,1.0,5.0,,,0.0,,,,,,,,,,,,,,,,0.0,0.0,0.0,,,,,,2010,North Korea,1561,https://media.api-sports.io/football/players/33351.png
33351,Tae-Se Jong,Tae-Se,Jong,Korea DPR,1984-03-02,Nagoya,Japan,39,181 cm,181.0,80 kg,80.0,2012,192.0,1. FC Köln,81.0,DFB Pokal,Germany,Attacker,False,False,1.0,0.0,8.0,,1.0,0.0,1.0,,,0.0,,,,,,,,,,,,,,,,0.0,0.0,0.0,,,,,,2010,North Korea,1561,https://media.api-sports.io/football/players/33351.png
33351,Tae-Se Jong,Tae-Se,Jong,Korea DPR,1984-03-02,Nagoya,Japan,39,181 cm,181.0,80 kg,80.0,2013,2765.0,Suwon Bluewings,,AFC Champions League,,Attacker,False,False,4.0,4.0,328.0,,0.0,1.0,0.0,,,0.0,,,,,,,,,,,,,,,,0.0,0.0,0.0,,,,,,2010,North Korea,1561,https://media.api-sports.io/football/players/33351.png
33351,Tae-Se Jong,Tae-Se,Jong,Korea DPR,1984-03-02,Nagoya,Japan,39,181 cm,181.0,80 kg,80.0,2014,1561.0,North Korea,,WC Qualification Asia,,Attacker,False,False,5.0,5.0,364.0,,0.0,3.0,0.0,,,0.0,,,,,,,,,,,,,,,,0.0,0.0,0.0,,,,,,2010,North Korea,1561,https://media.api-sports.io/football/players/33351.png
33351,Tae-Se Jong,Tae-Se,Jong,Korea DPR,1984-03-02,Nagoya,Japan,39,181 cm,181.0,80 kg,80.0,2015,2765.0,Suwon Bluewings,,AFC Champions League,,Attacker,False,False,7.0,7.0,556.0,,0.0,4.0,1.0,,,3.0,,,,,,,,,,,,,,,,1.0,0.0,0.0,,,,,,2010,North Korea,1561,https://media.api-sports.io/football/players/33351.png
33351,Tae-Se Jong,Tae-Se,Jong,Korea DPR,1984-03-02,Nagoya,Japan,39,181 cm,181.0,80 kg,80.0,2015,283.0,Shimizu S-pulse,98.0,J1 League,Japan,Attacker,False,False,13.0,11.0,1027.0,,2.0,0.0,2.0,,,4.0,,,,,,,,,,,,,,,,4.0,0.0,0.0,,,,,,2010,North Korea,1561,https://media.api-sports.io/football/players/33351.png
33351,Tae-Se Jong,Tae-Se,Jong,Korea DPR,1984-03-02,Nagoya,Japan,39,181 cm,181.0,80 kg,80.0,2016,283.0,Shimizu S-pulse,99.0,J2 League,Japan,Attacker,False,False,37.0,33.0,2843.0,,4.0,15.0,5.0,,,26.0,,,,,,,,,,,,,,,,3.0,0.0,0.0,,,,,,2010,North Korea,1561,https://media.api-sports.io/football/players/33351.png
33351,Tae-Se Jong,Tae-Se,Jong,Korea DPR,1984-03-02,Nagoya,Japan,39,181 cm,181.0,80 kg,80.0,2017,283.0,Shimizu S-pulse,101.0,J-League Cup,Japan,Attacker,False,False,0.0,0.0,0.0,,0.0,0.0,1.0,,,0.0,,,,,,,,,,,,,,,,0.0,0.0,0.0,,,,,,2010,North Korea,1561,https://media.api-sports.io/football/players/33351.png
33351,Tae-Se Jong,Tae-Se,Jong,Korea DPR,1984-03-02,Nagoya,Japan,39,181 cm,181.0,80 kg,80.0,2017,283.0,Shimizu S-pulse,98.0,J1 League,Japan,Attacker,False,False,23.0,21.0,1878.0,7.143478,2.0,5.0,3.0,69.0,26.0,10.0,4.0,1.0,0.0,344.0,22.0,61.0,,,5.0,376.0,179.0,9.0,7.0,48.0,51.0,5.0,0.0,0.0,,,,,,2010,North Korea,1561,https://media.api-sports.io/football/players/33351.png
33351,Tae-Se Jong,Tae-Se,Jong,Korea DPR,1984-03-02,Nagoya,Japan,39,181 cm,181.0,80 kg,80.0,2018,283.0,Shimizu S-pulse,98.0,J1 League,Japan,Attacker,False,False,18.0,4.0,598.0,6.888235,14.0,0.0,16.0,38.0,14.0,3.0,3.0,1.0,0.0,147.0,7.0,58.0,2.0,2.0,2.0,163.0,70.0,4.0,1.0,11.0,23.0,1.0,0.0,0.0,1.0,,,,,2010,North Korea,1561,https://media.api-sports.io/football/players/33351.png
33351,Tae-Se Jong,Tae-Se,Jong,Korea DPR,1984-03-02,Nagoya,Japan,39,181 cm,181.0,80 kg,80.0,2019,283.0,Shimizu S-pulse,101.0,J-League Cup,Japan,Attacker,False,False,1.0,0.0,3.0,,1.0,0.0,1.0,,,0.0,,,,,,,,,,,,,,,,0.0,0.0,0.0,,,,,,2010,North Korea,1561,https://media.api-sports.io/football/players/33351.png
33351,Tae-Se Jong,Tae-Se,Jong,Korea DPR,1984-03-02,Nagoya,Japan,39,181 cm,181.0,80 kg,80.0,2019,283.0,Shimizu S-pulse,98.0,J1 League,Japan,Attacker,False,False,13.0,5.0,419.0,6.8,8.0,5.0,12.0,15.0,6.0,2.0,,0.0,0.0,80.0,3.0,57.0,,0.0,2.0,85.0,37.0,6.0,4.0,9.0,13.0,0.0,0.0,0.0,,,,,,2010,North Korea,1561,https://media.api-sports.io/football/players/33351.png
33351,Tae-Se Jong,Tae-Se,Jong,Korea DPR,1984-03-02,Nagoya,Japan,39,181 cm,181.0,80 kg,80.0,2020,283.0,Shimizu S-pulse,98.0,J1 League,Japan,Attacker,False,False,2.0,0.0,26.0,6.3,2.0,0.0,2.0,0.0,0.0,0.0,,0.0,0.0,7.0,1.0,66.0,,0.0,0.0,5.0,1.0,0.0,0.0,0.0,1.0,0.0,0.0,0.0,,,,,,2010,North Korea,1561,https://media.api-sports.io/football/players/33351.png
33351,Tae-Se Jong,Tae-Se,Jong,Korea DPR,1984-03-02,Nagoya,Japan,39,181 cm,181.0,80 kg,80.0,2020,311.0,Albirex Niigata,99.0,J2 League,Japan,Attacker,False,False,26.0,13.0,1392.0,,13.0,7.0,14.0,,,9.0,,,,,,,,,,,,,,,,1.0,0.0,0.0,,,,,,2010,North Korea,1561,https://media.api-sports.io/football/players/33351.png
33351,Tae-Se Jong,Tae-Se,Jong,Korea DPR,1984-03-02,Nagoya,Japan,39,181 cm,181.0,80 kg,80.0,2021,303.0,Machida Zelvia,101.0,J-League Cup,Japan,Attacker,False,False,0.0,0.0,0.0,,0.0,0.0,0.0,,,0.0,,,,,,,,,,,,,,,,0.0,0.0,0.0,,,,,,2010,North Korea,1561,https://media.api-sports.io/football/players/33351.png
33351,Tae-Se Jong,Tae-Se,Jong,Korea DPR,1984-03-02,Nagoya,Japan,39,181 cm,181.0,80 kg,80.0,2021,303.0,Machida Zelvia,99.0,J2 League,Japan,Attacker,False,False,33.0,4.0,724.0,,29.0,4.0,33.0,,,5.0,,,,,,,,,,,,,,,,1.0,0.0,0.0,,,,,,2010,North Korea,1561,https://media.api-sports.io/football/players/33351.png
33351,Tae-Se Jong,Tae-Se,Jong,Korea DPR,1984-03-02,Nagoya,Japan,39,181 cm,181.0,80 kg,80.0,2022,303.0,Machida Zelvia,101.0,J-League Cup,Japan,Attacker,False,False,0.0,0.0,0.0,,0.0,0.0,0.0,,,0.0,,,,,,,,,,,,,,,,0.0,0.0,0.0,,,,,,2010,North Korea,1561,https://media.api-sports.io/football/players/33351.png
33351,Tae-Se Jong,Tae-Se,Jong,Korea DPR,1984-03-02,Nagoya,Japan,39,181 cm,181.0,80 kg,80.0,2022,303.0,Machida Zelvia,99.0,J2 League,Japan,Attacker,False,False,34.0,10.0,1200.0,,24.0,12.0,24.0,,,6.0,,,,,,,,,,,,,,,,4.0,0.0,0.0,,,,,,2010,North Korea,1561,https://media.api-sports.io/football/players/33351.png
33351,Tae-Se Jong,Tae-Se,Jong,Korea DPR,1984-03-02,Nagoya,Japan,39,181 cm,181.0,80 kg,80.0,2023,303.0,Machida Zelvia,99.0,J2 League,Japan,Attacker,False,False,,,,,,,,,,,,,,,,,,,,,,,,,,,,,,,,,,2010,North Korea,1561,https://media.api-sports.io/football/players/33351.png
53843,Myong-Guk Ri,Myong-Guk,Ri,Korea DPR,1986-09-09,Pyongyang,Korea DPR,37,188 cm,188.0,79 kg,79.0,2009,1561.0,North Korea,,Friendlies,,Goalkeeper,False,False,1.0,1.0,58.0,,0.0,1.0,0.0,,,0.0,,,,,,,,,,,,,,,,0.0,0.0,0.0,,,,,,2010,North Korea,1561,https://media.api-sports.io/football/players/53843.png
53843,Myong-Guk Ri,Myong-Guk,Ri,Korea DPR,1986-09-09,Pyongyang,Korea DPR,37,188 cm,188.0,79 kg,79.0,2010,1561.0,North Korea,,WC Qualification Asia,,Goalkeeper,False,False,15.0,15.0,1306.0,,0.0,1.0,1.0,,,0.0,,,,,,,,,,,,,,,,2.0,0.0,0.0,,,,,,2010,North Korea,1561,https://media.api-sports.io/football/players/53843.png
53843,Myong-Guk Ri,Myong-Guk,Ri,Korea DPR,1986-09-09,Pyongyang,Korea DPR,37,188 cm,188.0,79 kg,79.0,2010,1561.0,North Korea,1.0,World Cup,World,Goalkeeper,False,False,3.0,3.0,270.0,,0.0,0.0,0.0,,,0.0,,,,,,,,,,,,,,,,0.0,0.0,0.0,,,,,,2010,North Korea,1561,https://media.api-sports.io/football/players/53843.png
53843,Myong-Guk Ri,Myong-Guk,Ri,Korea DPR,1986-09-09,Pyongyang,Korea DPR,37,188 cm,188.0,79 kg,79.0,2013,1561.0,North Korea,,Friendlies,,Goalkeeper,False,False,1.0,1.0,90.0,,0.0,0.0,0.0,,,0.0,,,,,,,,,,,,,,,,0.0,0.0,0.0,,,,,,2010,North Korea,1561,https://media.api-sports.io/football/players/53843.png
53843,Myong-Guk Ri,Myong-Guk,Ri,Korea DPR,1986-09-09,Pyongyang,Korea DPR,37,188 cm,188.0,79 kg,79.0,2014,10939.0,Korea DPR U23,,Asian Games,,Goalkeeper,False,False,6.0,6.0,566.0,,0.0,2.0,0.0,,,0.0,,,,,,,,,,,,,,,,1.0,0.0,0.0,,,,,,2010,North Korea,1561,https://media.api-sports.io/football/players/53843.png
53843,Myong-Guk Ri,Myong-Guk,Ri,Korea DPR,1986-09-09,Pyongyang,Korea DPR,37,188 cm,188.0,79 kg,79.0,2014,1561.0,North Korea,,WC Qualification Asia,,Goalkeeper,False,False,5.0,5.0,450.0,,0.0,0.0,1.0,,,0.0,,,,,,,,,,,,,,,,1.0,0.0,0.0,,,,,,2010,North Korea,1561,https://media.api-sports.io/football/players/53843.png
53843,Myong-Guk Ri,Myong-Guk,Ri,Korea DPR,1986-09-09,Pyongyang,Korea DPR,37,188 cm,188.0,79 kg,79.0,2016,1561.0,North Korea,,Friendlies,,Goalkeeper,False,False,1.0,1.0,90.0,,0.0,0.0,0.0,,,0.0,,,,,,,,,,,,,,,,0.0,0.0,0.0,,,,,,2010,North Korea,1561,https://media.api-sports.io/football/players/53843.png
53843,Myong-Guk Ri,Myong-Guk,Ri,Korea DPR,1986-09-09,Pyongyang,Korea DPR,37,188 cm,188.0,79 kg,79.0,2017,1561.0,North Korea,10.0,Friendlies,World,Goalkeeper,False,False,1.0,1.0,90.0,,0.0,0.0,0.0,,,0.0,,,,,,,,,,,,,,,,0.0,0.0,0.0,,,,,,2010,North Korea,1561,https://media.api-sports.io/football/players/53843.png
53843,Myong-Guk Ri,Myong-Guk,Ri,Korea DPR,1986-09-09,Pyongyang,Korea DPR,37,188 cm,188.0,79 kg,79.0,2018,1561.0,North Korea,30.0,World Cup - Qualification Asia,World,Goalkeeper,False,False,8.0,8.0,720.0,,0.0,0.0,0.0,,,0.0,,,,,,,,,,,,,,,,1.0,0.0,0.0,,,,,,2010,North Korea,1561,https://media.api-sports.io/football/players/53843.png
91977,An Yong-Hak,Yong-Hak,An,Korea DPR,1978-10-25,Kurashiki,Japan,43,182 cm,182.0,75 kg,75.0,2006,1561.0,North Korea,,WC Qualification Asia,,Midfielder,False,False,5.0,5.0,434.0,,0.0,1.0,0.0,,,2.0,,,,,,,,,,,,,,,,1.0,0.0,0.0,,,,,,2010,North Korea,1561,https://media.api-sports.io/football/players/91977.png
91977,An Yong-Hak,Yong-Hak,An,Korea DPR,1978-10-25,Kurashiki,Japan,43,182 cm,182.0,75 kg,75.0,2010,313.0,Omiya Ardija,,J1 League,,Midfielder,False,False,17.0,12.0,945.0,,5.0,6.0,11.0,,,0.0,,,,,,,,,,,,,,,,4.0,0.0,1.0,,,,,,2010,North Korea,1561,https://media.api-sports.io/football/players/91977.png
91977,An Yong-Hak,Yong-Hak,An,Korea DPR,1978-10-25,Kurashiki,Japan,43,182 cm,182.0,75 kg,75.0,2010,1561.0,North Korea,,WC Qualification Asia,,Midfielder,False,False,13.0,13.0,1117.0,,0.0,2.0,0.0,,,0.0,,,,,,,,,,,,,,,,2.0,0.0,0.0,,,,,,2010,North Korea,1561,https://media.api-sports.io/football/players/91977.png
91977,An Yong-Hak,Yong-Hak,An,Korea DPR,1978-10-25,Kurashiki,Japan,43,182 cm,182.0,75 kg,75.0,2010,1561.0,North Korea,1.0,World Cup,World,Midfielder,False,False,3.0,3.0,270.0,,0.0,0.0,0.0,,,0.0,,,,,,,,,,,,,,,,0.0,0.0,0.0,,,,,,2010,North Korea,1561,https://media.api-sports.io/football/players/91977.png
91977,An Yong-Hak,Yong-Hak,An,Korea DPR,1978-10-25,Kurashiki,Japan,43,182 cm,182.0,75 kg,75.0,2011,281.0,Kashiwa Reysol,,J1 League,,Midfielder,False,False,2.0,1.0,119.0,,1.0,1.0,16.0,,,0.0,,,,,,,,,,,,,,,,0.0,0.0,0.0,,,,,,2010,North Korea,1561,https://media.api-sports.io/football/players/91977.png
91977,An Yong-Hak,Yong-Hak,An,Korea DPR,1978-10-25,Kurashiki,Japan,43,182 cm,182.0,75 kg,75.0,2012,281.0,Kashiwa Reysol,,AFC Champions League,,Midfielder,False,False,2.0,1.0,134.0,,1.0,0.0,4.0,,,0.0,,,,,,,,,,,,,,,,0.0,0.0,0.0,,,,,,2010,North Korea,1561,https://media.api-sports.io/football/players/91977.png
91977,An Yong-Hak,Yong-Hak,An,Korea DPR,1978-10-25,Kurashiki,Japan,43,182 cm,182.0,75 kg,75.0,2012,281.0,Kashiwa Reysol,101.0,J-League Cup,Japan,Midfielder,False,False,0.0,0.0,0.0,,0.0,0.0,2.0,,,0.0,,,,,,,,,,,,,,,,0.0,0.0,0.0,,,,,,2010,North Korea,1561,https://media.api-sports.io/football/players/91977.png
91977,An Yong-Hak,Yong-Hak,An,Korea DPR,1978-10-25,Kurashiki,Japan,43,182 cm,182.0,75 kg,75.0,2012,281.0,Kashiwa Reysol,98.0,J1 League,Japan,Midfielder,False,False,6.0,2.0,227.0,,4.0,1.0,16.0,,,0.0,,,,,,,,,,,,,,,,2.0,0.0,0.0,,,,,,2010,North Korea,1561,https://media.api-sports.io/football/players/91977.png
91977,An Yong-Hak,Yong-Hak,An,Korea DPR,1978-10-25,Kurashiki,Japan,43,182 cm,182.0,75 kg,75.0,2014,307.0,Yokohama FC,99.0,J2 League,Japan,Midfielder,False,False,27.0,21.0,1976.0,,6.0,2.0,11.0,,,2.0,,,,,,,,,,,,,,,,6.0,0.0,0.0,,,,,,2010,North Korea,1561,https://media.api-sports.io/football/players/91977.png
91977,An Yong-Hak,Yong-Hak,An,Korea DPR,1978-10-25,Kurashiki,Japan,43,182 cm,182.0,75 kg,75.0,2014,1561.0,North Korea,,WC Qualification Asia,,Midfielder,False,False,4.0,4.0,330.0,,0.0,2.0,1.0,,,0.0,,,,,,,,,,,,,,,,2.0,0.0,0.0,,,,,,2010,North Korea,1561,https://media.api-sports.io/football/players/91977.png
91977,An Yong-Hak,Yong-Hak,An,Korea DPR,1978-10-25,Kurashiki,Japan,43,182 cm,182.0,75 kg,75.0,2015,307.0,Yokohama FC,99.0,J2 League,Japan,Midfielder,False,False,7.0,3.0,322.0,,4.0,1.0,7.0,,,1.0,,,,,,,,,,,,,,,,1.0,0.0,0.0,,,,,,2010,North Korea,1561,https://media.api-sports.io/football/players/91977.png
91977,An Yong-Hak,Yong-Hak,An,Korea DPR,1978-10-25,Kurashiki,Japan,43,182 cm,182.0,75 kg,75.0,2016,307.0,Yokohama FC,99.0,J2 League,Japan,Midfielder,False,False,1.0,1.0,54.0,,0.0,1.0,4.0,,,0.0,,,,,,,,,,,,,,,,1.0,0.0,0.0,,,,,,2010,North Korea,1561,https://media.api-sports.io/football/players/91977.png
104179,Jong-Hyok Cha,Jong-Hyok,Cha,Korea DPR,1985-09-25,Pyongyang,Korea DPR,30,178 cm,178.0,74 kg,74.0,2006,1561.0,North Korea,,WC Qualification Asia,,Defender,False,False,1.0,1.0,90.0,,0.0,0.0,2.0,,,0.0,,,,,,,,,,,,,,,,1.0,0.0,0.0,,,,,,2010,North Korea,1561,https://media.api-sports.io/football/players/104179.png
104179,Jong-Hyok Cha,Jong-Hyok,Cha,Korea DPR,1985-09-25,Pyongyang,Korea DPR,30,178 cm,178.0,74 kg,74.0,2010,2179.0,FC WIL 1900,,Challenge League,,Defender,False,False,19.0,19.0,1662.0,,0.0,6.0,0.0,,,0.0,,,,,,,,,,,,,,,,4.0,0.0,0.0,,,,,,2010,North Korea,1561,https://media.api-sports.io/football/players/104179.png
104179,Jong-Hyok Cha,Jong-Hyok,Cha,Korea DPR,1985-09-25,Pyongyang,Korea DPR,30,178 cm,178.0,74 kg,74.0,2010,1561.0,North Korea,,WC Qualification Asia,,Defender,False,False,15.0,13.0,1230.0,,2.0,1.0,3.0,,,0.0,,,,,,,,,,,,,,,,0.0,0.0,0.0,,,,,,2010,North Korea,1561,https://media.api-sports.io/football/players/104179.png
104179,Jong-Hyok Cha,Jong-Hyok,Cha,Korea DPR,1985-09-25,Pyongyang,Korea DPR,30,178 cm,178.0,74 kg,74.0,2010,1561.0,North Korea,1.0,World Cup,World,Defender,False,False,3.0,3.0,255.0,,0.0,1.0,0.0,,,0.0,,,,,,,,,,,,,,,,0.0,0.0,0.0,,,,,,2010,North Korea,1561,https://media.api-sports.io/football/players/104179.png
104179,Jong-Hyok Cha,Jong-Hyok,Cha,Korea DPR,1985-09-25,Pyongyang,Korea DPR,30,178 cm,178.0,74 kg,74.0,2011,1561.0,North Korea,,Asian Cup,,Defender,False,False,3.0,3.0,270.0,,0.0,0.0,0.0,,,0.0,,,,,,,,,,,,,,,,1.0,0.0,0.0,,,,,,2010,North Korea,1561,https://media.api-sports.io/football/players/104179.png
104179,Jong-Hyok Cha,Jong-Hyok,Cha,Korea DPR,1985-09-25,Pyongyang,Korea DPR,30,178 cm,178.0,74 kg,74.0,2011,2179.0,FC WIL 1900,,Challenge League,,Defender,False,False,25.0,25.0,2133.0,,0.0,8.0,0.0,,,1.0,,,,,,,,,,,,,,,,4.0,0.0,0.0,,,,,,2010,North Korea,1561,https://media.api-sports.io/football/players/104179.png
104179,Jong-Hyok Cha,Jong-Hyok,Cha,Korea DPR,1985-09-25,Pyongyang,Korea DPR,30,178 cm,178.0,74 kg,74.0,2012,2179.0,FC WIL 1900,,Challenge League,,Defender,False,False,27.0,23.0,2008.0,,4.0,6.0,7.0,,,0.0,,,,,,,,,,,,,,,,4.0,0.0,2.0,,,,,,2010,North Korea,1561,https://media.api-sports.io/football/players/104179.png
104179,Jong-Hyok Cha,Jong-Hyok,Cha,Korea DPR,1985-09-25,Pyongyang,Korea DPR,30,178 cm,178.0,74 kg,74.0,2013,2179.0,FC WIL 1900,,Challenge League,,Defender,False,False,31.0,30.0,2608.0,,1.0,3.0,5.0,,,1.0,,,,,,,,,,,,,,,,5.0,0.0,0.0,,,,,,2010,North Korea,1561,https://media.api-sports.io/football/players/104179.png
104179,Jong-Hyok Cha,Jong-Hyok,Cha,Korea DPR,1985-09-25,Pyongyang,Korea DPR,30,178 cm,178.0,74 kg,74.0,2014,2179.0,FC WIL 1900,,Challenge League,,Defender,False,False,11.0,10.0,844.0,,1.0,3.0,20.0,,,0.0,,,,,,,,,,,,,,,,3.0,1.0,0.0,,,,,,2010,North Korea,1561,https://media.api-sports.io/football/players/104179.png
104179,Jong-Hyok Cha,Jong-Hyok,Cha,Korea DPR,1985-09-25,Pyongyang,Korea DPR,30,178 cm,178.0,74 kg,74.0,2014,1561.0,North Korea,,WC Qualification Asia,,Defender,False,False,4.0,4.0,305.0,,0.0,2.0,1.0,,,0.0,,,,,,,,,,,,,,,,1.0,0.0,0.0,,,,,,2010,North Korea,1561,https://media.api-sports.io/football/players/104179.png
104179,Jong-Hyok Cha,Jong-Hyok,Cha,Korea DPR,1985-09-25,Pyongyang,Korea DPR,30,178 cm,178.0,74 kg,74.0,2015,1561.0,North Korea,,Asian Cup,,Defender,False,False,2.0,2.0,151.0,,0.0,1.0,1.0,,,0.0,,,,,,,,,,,,,,,,0.0,0.0,0.0,,,,,,2010,North Korea,1561,https://media.api-sports.io/football/players/104179.png
104179,Jong-Hyok Cha,Jong-Hyok,Cha,Korea DPR,1985-09-25,Pyongyang,Korea DPR,30,178 cm,178.0,74 kg,74.0,2015,2179.0,FC WIL 1900,,Challenge League,,Defender,False,False,,,,,,,,,,,,,,,,,,,,,,,,,,,,,,,,,,2010,North Korea,1561,https://media.api-sports.io/football/players/104179.png
104274,Yong-Jo Hong,Yong-Jo,Hong,Korea DPR,1982-05-22,Pyongyang,Korea DPR,31,175 cm,175.0,68 kg,68.0,2006,1561.0,North Korea,,WC Qualification Asia,,Attacker,False,False,8.0,7.0,674.0,,1.0,0.0,1.0,,,4.0,,,,,,,,,,,,,,,,0.0,0.0,0.0,,,,,,2010,North Korea,1561,https://media.api-sports.io/football/players/104274.png
104274,Yong-Jo Hong,Yong-Jo,Hong,Korea DPR,1982-05-22,Pyongyang,Korea DPR,31,175 cm,175.0,68 kg,68.0,2009,779.0,FC Rostov,,Premier League,,Attacker,False,False,14.0,10.0,722.0,,4.0,6.0,0.0,,,1.0,,,,,,,,,,,,,,,,3.0,1.0,0.0,,,,,,2010,North Korea,1561,https://media.api-sports.io/football/players/104274.png
104274,Yong-Jo Hong,Yong-Jo,Hong,Korea DPR,1982-05-22,Pyongyang,Korea DPR,31,175 cm,175.0,68 kg,68.0,2010,779.0,FC Rostov,,Premier League,,Attacker,False,False,1.0,0.0,9.0,,1.0,0.0,2.0,,,0.0,,,,,,,,,,,,,,,,0.0,0.0,0.0,,,,,,2010,North Korea,1561,https://media.api-sports.io/football/players/104274.png
104274,Yong-Jo Hong,Yong-Jo,Hong,Korea DPR,1982-05-22,Pyongyang,Korea DPR,31,175 cm,175.0,68 kg,68.0,2010,1561.0,North Korea,,WC Qualification Asia,,Attacker,False,False,14.0,14.0,1202.0,,0.0,5.0,0.0,,,4.0,,,,,,,,,,,,,,,,1.0,0.0,0.0,,,,,,2010,North Korea,1561,https://media.api-sports.io/football/players/104274.png
104274,Yong-Jo Hong,Yong-Jo,Hong,Korea DPR,1982-05-22,Pyongyang,Korea DPR,31,175 cm,175.0,68 kg,68.0,2010,1561.0,North Korea,1.0,World Cup,World,Attacker,False,False,3.0,3.0,270.0,,0.0,0.0,0.0,,,0.0,,,,,,,,,,,,,,,,1.0,0.0,0.0,,,,,,2010,North Korea,1561,https://media.api-sports.io/football/players/104274.png
104274,Yong-Jo Hong,Yong-Jo,Hong,Korea DPR,1982-05-22,Pyongyang,Korea DPR,31,175 cm,175.0,68 kg,68.0,2011,1561.0,North Korea,,Asian Cup,,Attacker,False,False,3.0,3.0,228.0,,0.0,1.0,0.0,,,0.0,,,,,,,,,,,,,,,,2.0,0.0,0.0,,,,,,2010,North Korea,1561,https://media.api-sports.io/football/players/104274.png
104275,Nam-Chol Pak,Nam-Chol,Pak,Korea DPR,1988-10-03,Pyongyang,Korea DPR,35,183 cm,183.0,78 kg,78.0,2009,1561.0,North Korea,,Friendlies,,Defender,False,False,1.0,1.0,90.0,,0.0,0.0,0.0,,,0.0,,,,,,,,,,,,,,,,0.0,0.0,0.0,,,,,,2010,North Korea,1561,https://media.api-sports.io/football/players/104275.png
104275,Nam-Chol Pak,Nam-Chol,Pak,Korea DPR,1988-10-03,Pyongyang,Korea DPR,35,183 cm,183.0,78 kg,78.0,2010,10939.0,Korea DPR U23,,Asian Games,,Defender,False,False,4.0,3.0,268.0,,1.0,1.0,2.0,,,0.0,,,,,,,,,,,,,,,,0.0,0.0,0.0,,,,,,2010,North Korea,1561,https://media.api-sports.io/football/players/104275.png
104275,Nam-Chol Pak,Nam-Chol,Pak,Korea DPR,1988-10-03,Pyongyang,Korea DPR,35,183 cm,183.0,78 kg,78.0,2010,1561.0,North Korea,,WC Qualification Asia,,Defender,False,False,2.0,0.0,0.0,,2.0,0.0,4.0,,,0.0,,,,,,,,,,,,,,,,0.0,0.0,0.0,,,,,,2010,North Korea,1561,https://media.api-sports.io/football/players/104275.png
104275,Nam-Chol Pak,Nam-Chol,Pak,Korea DPR,1988-10-03,Pyongyang,Korea DPR,35,183 cm,183.0,78 kg,78.0,2010,1561.0,North Korea,1.0,World Cup,World,Defender,False,False,0.0,0.0,0.0,,0.0,0.0,3.0,,,0.0,,,,,,,,,,,,,,,,0.0,0.0,0.0,,,,,,2010,North Korea,1561,https://media.api-sports.io/football/players/104275.png
104275,Nam-Chol Pak,Nam-Chol,Pak,Korea DPR,1988-10-03,Pyongyang,Korea DPR,34,183 cm,183.0,78 kg,78.0,2014,1561.0,North Korea,,WC Qualification Asia,,Defender,False,False,5.0,5.0,416.0,,0.0,1.0,0.0,,,0.0,,,,,,,,,,,,,,,,2.0,0.0,0.0,,,,,,2010,North Korea,1561,https://media.api-sports.io/football/players/104275.png
104288,In-Guk Mun,In-Guk,Mun,Korea DPR,1978-09-29,Pyongyang,Korea DPR,39,169 cm,169.0,65 kg,65.0,2006,1561.0,North Korea,,WC Qualification Asia,,Midfielder,False,False,8.0,5.0,575.0,,3.0,2.0,3.0,,,0.0,,,,,,,,,,,,,,,,1.0,0.0,0.0,,,,,,2010,North Korea,1561,https://media.api-sports.io/football/players/104288.png
104288,In-Guk Mun,In-Guk,Mun,Korea DPR,1978-09-29,Pyongyang,Korea DPR,39,169 cm,169.0,65 kg,65.0,2009,1561.0,North Korea,,Friendlies,,Midfielder,False,False,1.0,1.0,90.0,,0.0,0.0,0.0,,,1.0,,,,,,,,,,,,,,,,0.0,0.0,0.0,,,,,,2010,North Korea,1561,https://media.api-sports.io/football/players/104288.png
104288,In-Guk Mun,In-Guk,Mun,Korea DPR,1978-09-29,Pyongyang,Korea DPR,39,169 cm,169.0,65 kg,65.0,2010,1561.0,North Korea,,WC Qualification Asia,,Midfielder,False,False,14.0,14.0,1242.0,,0.0,3.0,0.0,,,2.0,,,,,,,,,,,,,,,,1.0,0.0,0.0,,,,,,2010,North Korea,1561,https://media.api-sports.io/football/players/104288.png
104288,In-Guk Mun,In-Guk,Mun,Korea DPR,1978-09-29,Pyongyang,Korea DPR,39,169 cm,169.0,65 kg,65.0,2010,1561.0,North Korea,1.0,World Cup,World,Midfielder,False,False,3.0,3.0,205.0,,0.0,3.0,0.0,,,0.0,,,,,,,,,,,,,,,,0.0,0.0,0.0,,,,,,2010,North Korea,1561,https://media.api-sports.io/football/players/104288.png
104288,In-Guk Mun,In-Guk,Mun,Korea DPR,1978-09-29,Pyongyang,Korea DPR,39,169 cm,169.0,65 kg,65.0,2011,1561.0,North Korea,,Asian Cup,,Midfielder,False,False,2.0,1.0,81.0,,1.0,1.0,2.0,,,0.0,,,,,,,,,,,,,,,,0.0,0.0,0.0,,,,,,2010,North Korea,1561,https://media.api-sports.io/football/players/104288.png
104297,Jun-Il Ri,Jun-Il,Ri,Korea DPR,1987-08-24,Pyongyang,Korea DPR,36,178 cm,178.0,66 kg,66.0,2009,1561.0,North Korea,,Friendlies,,Defender,False,False,1.0,1.0,90.0,,0.0,0.0,0.0,,,0.0,,,,,,,,,,,,,,,,0.0,0.0,0.0,,,,,,2010,North Korea,1561,https://media.api-sports.io/football/players/104297.png
104297,Jun-Il Ri,Jun-Il,Ri,Korea DPR,1987-08-24,Pyongyang,Korea DPR,36,178 cm,178.0,66 kg,66.0,2010,10939.0,Korea DPR U23,,Asian Games,,Defender,False,False,4.0,2.0,213.0,,2.0,1.0,3.0,,,0.0,,,,,,,,,,,,,,,,0.0,0.0,0.0,,,,,,2010,North Korea,1561,https://media.api-sports.io/football/players/104297.png
104297,Jun-Il Ri,Jun-Il,Ri,Korea DPR,1987-08-24,Pyongyang,Korea DPR,36,178 cm,178.0,66 kg,66.0,2010,1561.0,North Korea,,WC Qualification Asia,,Defender,False,False,16.0,16.0,1415.0,,0.0,1.0,0.0,,,0.0,,,,,,,,,,,,,,,,0.0,0.0,0.0,,,,,,2010,North Korea,1561,https://media.api-sports.io/football/players/104297.png
104297,Jun-Il Ri,Jun-Il,Ri,Korea DPR,1987-08-24,Pyongyang,Korea DPR,36,178 cm,178.0,66 kg,66.0,2010,1561.0,North Korea,1.0,World Cup,World,Defender,False,False,3.0,3.0,270.0,,0.0,0.0,0.0,,,0.0,,,,,,,,,,,,,,,,0.0,0.0,0.0,,,,,,2010,North Korea,1561,https://media.api-sports.io/football/players/104297.png
104373,Kwang-Chon Ri,Kwang-Chon,Ri,Korea DPR,1985-09-04,Nampho,Korea DPR,29,178 cm,178.0,76 kg,76.0,2006,1561.0,North Korea,,WC Qualification Asia,,Defender,False,False,10.0,7.0,605.0,,3.0,3.0,3.0,,,0.0,,,,,,,,,,,,,,,,1.0,0.0,0.0,,,,,,2010,North Korea,1561,https://media.api-sports.io/football/players/104373.png
104373,Kwang-Chon Ri,Kwang-Chon,Ri,Korea DPR,1985-09-04,Nampho,Korea DPR,29,178 cm,178.0,76 kg,76.0,2009,1561.0,North Korea,,Friendlies,,Defender,False,False,1.0,1.0,90.0,,0.0,0.0,0.0,,,0.0,,,,,,,,,,,,,,,,0.0,0.0,0.0,,,,,,2010,North Korea,1561,https://media.api-sports.io/football/players/104373.png
104373,Kwang-Chon Ri,Kwang-Chon,Ri,Korea DPR,1985-09-04,Nampho,Korea DPR,29,178 cm,178.0,76 kg,76.0,2010,1561.0,North Korea,,WC Qualification Asia,,Defender,False,False,14.0,14.0,1260.0,,0.0,0.0,0.0,,,0.0,,,,,,,,,,,,,,,,1.0,0.0,0.0,,,,,,2010,North Korea,1561,https://media.api-sports.io/football/players/104373.png
104373,Kwang-Chon Ri,Kwang-Chon,Ri,Korea DPR,1985-09-04,Nampho,Korea DPR,29,178 cm,178.0,76 kg,76.0,2010,1561.0,North Korea,1.0,World Cup,World,Defender,False,False,3.0,3.0,270.0,,0.0,0.0,0.0,,,0.0,,,,,,,,,,,,,,,,0.0,0.0,0.0,,,,,,2010,North Korea,1561,https://media.api-sports.io/football/players/104373.png
104373,Kwang-Chon Ri,Kwang-Chon,Ri,Korea DPR,1985-09-04,Nampho,Korea DPR,29,178 cm,178.0,76 kg,76.0,2011,1561.0,North Korea,,Asian Cup,,Defender,False,False,3.0,3.0,270.0,,0.0,0.0,0.0,,,0.0,,,,,,,,,,,,,,,,0.0,0.0,0.0,,,,,,2010,North Korea,1561,https://media.api-sports.io/football/players/104373.png
104373,Kwang-Chon Ri,Kwang-Chon,Ri,Korea DPR,1985-09-04,Nampho,Korea DPR,29,178 cm,178.0,76 kg,76.0,2013,2786.0,Muangthong United,296.0,Thai League 1,Thailand,Defender,False,False,23.0,23.0,1996.0,,0.0,2.0,0.0,,,1.0,,,,,,,,,,,,,,,,4.0,0.0,0.0,,,,,,2010,North Korea,1561,https://media.api-sports.io/football/players/104373.png
104373,Kwang-Chon Ri,Kwang-Chon,Ri,Korea DPR,1985-09-04,Nampho,Korea DPR,29,178 cm,178.0,76 kg,76.0,2014,2786.0,Muangthong United,,AFC Champions League,,Defender,False,False,1.0,1.0,90.0,,0.0,0.0,0.0,,,0.0,,,,,,,,,,,,,,,,0.0,0.0,0.0,,,,,,2010,North Korea,1561,https://media.api-sports.io/football/players/104373.png
104373,Kwang-Chon Ri,Kwang-Chon,Ri,Korea DPR,1985-09-04,Nampho,Korea DPR,29,178 cm,178.0,76 kg,76.0,2014,2786.0,Muangthong United,296.0,Thai League 1,Thailand,Defender,False,False,1.0,1.0,61.0,,0.0,1.0,0.0,,,0.0,,,,,,,,,,,,,,,,0.0,0.0,0.0,,,,,,2010,North Korea,1561,https://media.api-sports.io/football/players/104373.png
104373,Kwang-Chon Ri,Kwang-Chon,Ri,Korea DPR,1985-09-04,Nampho,Korea DPR,29,178 cm,178.0,76 kg,76.0,2014,1561.0,North Korea,,WC Qualification Asia,,Defender,False,False,5.0,5.0,450.0,,0.0,0.0,0.0,,,0.0,,,,,,,,,,,,,,,,2.0,0.0,0.0,,,,,,2010,North Korea,1561,https://media.api-sports.io/football/players/104373.png
104374,Nam-Chol Pak,Nam-Chol,Pak,Korea DPR,1985-07-02,Pyongyang,Korea DPR,30,171 cm,171.0,70 kg,70.0,2006,1561.0,North Korea,,WC Qualification Asia,,Midfielder,False,False,5.0,1.0,190.0,,4.0,0.0,9.0,,,0.0,,,,,,,,,,,,,,,,1.0,0.0,0.0,,,,,,2010,North Korea,1561,https://media.api-sports.io/football/players/104374.png
104374,Nam-Chol Pak,Nam-Chol,Pak,Korea DPR,1985-07-02,Pyongyang,Korea DPR,30,171 cm,171.0,70 kg,70.0,2009,1561.0,North Korea,,Friendlies,,Midfielder,False,False,3.0,3.0,270.0,,0.0,0.0,0.0,,,0.0,,,,,,,,,,,,,,,,1.0,0.0,0.0,,,,,,2010,North Korea,1561,https://media.api-sports.io/football/players/104374.png
104374,Nam-Chol Pak,Nam-Chol,Pak,Korea DPR,1985-07-02,Pyongyang,Korea DPR,30,171 cm,171.0,70 kg,70.0,2010,1561.0,North Korea,,WC Qualification Asia,,Midfielder,False,False,12.0,9.0,862.0,,3.0,1.0,5.0,,,1.0,,,,,,,,,,,,,,,,0.0,0.0,0.0,,,,,,2010,North Korea,1561,https://media.api-sports.io/football/players/104374.png
104374,Nam-Chol Pak,Nam-Chol,Pak,Korea DPR,1985-07-02,Pyongyang,Korea DPR,30,171 cm,171.0,70 kg,70.0,2010,1561.0,North Korea,1.0,World Cup,World,Midfielder,False,False,3.0,3.0,238.0,,0.0,1.0,0.0,,,0.0,,,,,,,,,,,,,,,,0.0,0.0,0.0,,,,,,2010,North Korea,1561,https://media.api-sports.io/football/players/104374.png
104374,Nam-Chol Pak,Nam-Chol,Pak,Korea DPR,1985-07-02,Pyongyang,Korea DPR,30,171 cm,171.0,70 kg,70.0,2011,1561.0,North Korea,,Asian Cup,,Midfielder,False,False,2.0,1.0,132.0,,1.0,0.0,2.0,,,0.0,,,,,,,,,,,,,,,,1.0,0.0,0.0,,,,,,2010,North Korea,1561,https://media.api-sports.io/football/players/104374.png
104374,Nam-Chol Pak,Nam-Chol,Pak,Korea DPR,1985-07-02,Pyongyang,Korea DPR,30,171 cm,171.0,70 kg,70.0,2013,2786.0,Muangthong United,296.0,Thai League 1,Thailand,Midfielder,False,False,17.0,11.0,917.0,,6.0,7.0,13.0,,,1.0,,,,,,,,,,,,,,,,1.0,0.0,0.0,,,,,,2010,North Korea,1561,https://media.api-sports.io/football/players/104374.png
104374,Nam-Chol Pak,Nam-Chol,Pak,Korea DPR,1985-07-02,Pyongyang,Korea DPR,30,171 cm,171.0,70 kg,70.0,2014,2777.0,Sisaket,296.0,Thai League 1,Thailand,Midfielder,False,False,4.0,3.0,236.0,,1.0,2.0,2.0,,,1.0,,,,,,,,,,,,,,,,0.0,0.0,0.0,,,,,,2010,North Korea,1561,https://media.api-sports.io/football/players/104374.png
104374,Nam-Chol Pak,Nam-Chol,Pak,Korea DPR,1985-07-02,Pyongyang,Korea DPR,30,171 cm,171.0,70 kg,70.0,2014,1561.0,North Korea,,WC Qualification Asia,,Midfielder,False,False,6.0,5.0,455.0,,1.0,0.0,1.0,,,2.0,,,,,,,,,,,,,,,,0.0,0.0,0.0,,,,,,2010,North Korea,1561,https://media.api-sports.io/football/players/104374.png
104374,Nam-Chol Pak,Nam-Chol,Pak,Korea DPR,1985-07-02,Pyongyang,Korea DPR,30,171 cm,171.0,70 kg,70.0,2015,2777.0,Sisaket,296.0,Thai League 1,Thailand,Midfielder,False,False,,,,,,,,,,,,,,,,,,,,,,,,,,,,,,,,,,2010,North Korea,1561,https://media.api-sports.io/football/players/104374.png
104375,Chol-Hyok An,Chol-Hyok,An,Korea DPR,1987-06-27,Pyongyang,Korea DPR,27,178 cm,178.0,72 kg,72.0,2006,1561.0,North Korea,,WC Qualification Asia,,Attacker,False,False,1.0,1.0,90.0,,0.0,0.0,0.0,,,1.0,,,,,,,,,,,,,,,,0.0,0.0,0.0,,,,,,2010,North Korea,1561,https://media.api-sports.io/football/players/104375.png
104375,Chol-Hyok An,Chol-Hyok,An,Korea DPR,1987-06-27,Pyongyang,Korea DPR,27,178 cm,178.0,72 kg,72.0,2010,1561.0,North Korea,,WC Qualification Asia,,Attacker,False,False,3.0,0.0,109.0,,3.0,1.0,12.0,,,1.0,,,,,,,,,,,,,,,,1.0,0.0,0.0,,,,,,2010,North Korea,1561,https://media.api-sports.io/football/players/104375.png
104375,Chol-Hyok An,Chol-Hyok,An,Korea DPR,1987-06-27,Pyongyang,Korea DPR,27,178 cm,178.0,72 kg,72.0,2010,1561.0,North Korea,1.0,World Cup,World,Attacker,False,False,0.0,0.0,0.0,,0.0,0.0,3.0,,,0.0,,,,,,,,,,,,,,,,0.0,0.0,0.0,,,,,,2010,North Korea,1561,https://media.api-sports.io/football/players/104375.png
104375,Chol-Hyok An,Chol-Hyok,An,Korea DPR,1987-06-27,Pyongyang,Korea DPR,27,178 cm,178.0,72 kg,72.0,2011,1561.0,North Korea,,Asian Cup,,Attacker,False,False,1.0,0.0,42.0,,1.0,0.0,3.0,,,0.0,,,,,,,,,,,,,,,,0.0,0.0,0.0,,,,,,2010,North Korea,1561,https://media.api-sports.io/football/players/104375.png
104375,Chol-Hyok An,Chol-Hyok,An,Korea DPR,1987-06-27,Pyongyang,Korea DPR,27,178 cm,178.0,72 kg,72.0,2014,1561.0,North Korea,,WC Qualification Asia,,Attacker,False,False,2.0,0.0,30.0,,2.0,0.0,5.0,,,0.0,,,,,,,,,,,,,,,,0.0,0.0,0.0,,,,,,2010,North Korea,1561,https://media.api-sports.io/football/players/104375.png
104378,Myong-Gil Kim,Myong-Gil,Kim,Korea DPR,1984-10-16,Pyongyang,Korea DPR,39,180 cm,180.0,70 kg,70.0,2006,1561.0,North Korea,,WC Qualification Asia,,Goalkeeper,False,False,5.0,5.0,450.0,,0.0,0.0,0.0,,,0.0,,,,,,,,,,,,,,,,1.0,0.0,0.0,,,,,,2010,North Korea,1561,https://media.api-sports.io/football/players/104378.png
104378,Myong-Gil Kim,Myong-Gil,Kim,Korea DPR,1984-10-16,Pyongyang,Korea DPR,39,180 cm,180.0,70 kg,70.0,2009,1561.0,North Korea,,Friendlies,,Goalkeeper,False,False,1.0,0.0,32.0,,1.0,0.0,0.0,,,0.0,,,,,,,,,,,,,,,,0.0,0.0,0.0,,,,,,2010,North Korea,1561,https://media.api-sports.io/football/players/104378.png
104378,Myong-Gil Kim,Myong-Gil,Kim,Korea DPR,1984-10-16,Pyongyang,Korea DPR,39,180 cm,180.0,70 kg,70.0,2010,1561.0,North Korea,,WC Qualification Asia,,Goalkeeper,False,False,0.0,0.0,0.0,,0.0,0.0,14.0,,,0.0,,,,,,,,,,,,,,,,0.0,0.0,0.0,,,,,,2010,North Korea,1561,https://media.api-sports.io/football/players/104378.png
104378,Myong-Gil Kim,Myong-Gil,Kim,Korea DPR,1984-10-16,Pyongyang,Korea DPR,39,180 cm,180.0,70 kg,70.0,2010,1561.0,North Korea,1.0,World Cup,World,Goalkeeper,False,False,0.0,0.0,0.0,,0.0,0.0,3.0,,,0.0,,,,,,,,,,,,,,,,0.0,0.0,0.0,,,,,,2010,North Korea,1561,https://media.api-sports.io/football/players/104378.png
104378,Myong-Gil Kim,Myong-Gil,Kim,Korea DPR,1984-10-16,Pyongyang,Korea DPR,39,180 cm,180.0,70 kg,70.0,2014,1561.0,North Korea,,WC Qualification Asia,,Goalkeeper,False,False,1.0,1.0,90.0,,0.0,0.0,5.0,,,0.0,,,,,,,,,,,,,,,,0.0,0.0,0.0,,,,,,2010,North Korea,1561,https://media.api-sports.io/football/players/104378.png
104379,Kwang-Hyok Ri,Kwang-Hyok,Ri,Korea DPR,1987-08-17,Pyongyang,Korea DPR,36,178 cm,178.0,70 kg,70.0,2009,1561.0,North Korea,,Friendlies,,Defender,False,False,2.0,2.0,119.0,,0.0,1.0,0.0,,,0.0,,,,,,,,,,,,,,,,1.0,0.0,0.0,,,,,,2010,North Korea,1561,https://media.api-sports.io/football/players/104379.png
104379,Kwang-Hyok Ri,Kwang-Hyok,Ri,Korea DPR,1987-08-17,Pyongyang,Korea DPR,36,178 cm,178.0,70 kg,70.0,2010,10939.0,Korea DPR U23,,Asian Games,,Defender,False,False,5.0,5.0,480.0,,0.0,0.0,0.0,,,0.0,,,,,,,,,,,,,,,,0.0,0.0,0.0,,,,,,2010,North Korea,1561,https://media.api-sports.io/football/players/104379.png
104379,Kwang-Hyok Ri,Kwang-Hyok,Ri,Korea DPR,1987-08-17,Pyongyang,Korea DPR,36,178 cm,178.0,70 kg,70.0,2010,1561.0,North Korea,,Friendlies,,Defender,False,False,1.0,0.0,49.0,,1.0,0.0,0.0,,,0.0,,,,,,,,,,,,,,,,0.0,0.0,0.0,,,,,,2010,North Korea,1561,https://media.api-sports.io/football/players/104379.png
104379,Kwang-Hyok Ri,Kwang-Hyok,Ri,Korea DPR,1987-08-17,Pyongyang,Korea DPR,36,178 cm,178.0,70 kg,70.0,2013,1561.0,North Korea,,Friendlies,,Defender,False,False,1.0,0.0,18.0,,1.0,0.0,0.0,,,0.0,,,,,,,,,,,,,,,,0.0,0.0,0.0,,,,,,2010,North Korea,1561,https://media.api-sports.io/football/players/104379.png
104379,Kwang-Hyok Ri,Kwang-Hyok,Ri,Korea DPR,1987-08-17,Pyongyang,Korea DPR,36,178 cm,178.0,70 kg,70.0,2014,10939.0,Korea DPR U23,,Asian Games,,Defender,False,False,0.0,0.0,0.0,,0.0,0.0,0.0,,,0.0,,,,,,,,,,,,,,,,0.0,0.0,0.0,,,,,,2010,North Korea,1561,https://media.api-sports.io/football/players/104379.png
104380,Chol-Jin Pak,Chol-Jin,Pak,Korea DPR,1985-09-05,Pyongyang,Korea DPR,37,178 cm,178.0,70 kg,70.0,2006,1561.0,North Korea,,WC Qualification Asia,,Defender,False,False,4.0,4.0,282.0,,0.0,2.0,1.0,,,0.0,,,,,,,,,,,,,,,,1.0,0.0,0.0,,,,,,2010,North Korea,1561,https://media.api-sports.io/football/players/104380.png
104380,Chol-Jin Pak,Chol-Jin,Pak,Korea DPR,1985-09-05,Pyongyang,Korea DPR,38,178 cm,178.0,70 kg,70.0,2009,1561.0,North Korea,,Friendlies,,Defender,False,False,1.0,0.0,61.0,,1.0,0.0,0.0,,,0.0,,,,,,,,,,,,,,,,0.0,0.0,0.0,,,,,,2010,North Korea,1561,https://media.api-sports.io/football/players/104380.png
104380,Chol-Jin Pak,Chol-Jin,Pak,Korea DPR,1985-09-05,Pyongyang,Korea DPR,38,178 cm,178.0,70 kg,70.0,2010,1561.0,North Korea,,WC Qualification Asia,,Defender,False,False,13.0,13.0,1078.0,,0.0,2.0,0.0,,,0.0,,,,,,,,,,,,,,,,0.0,0.0,0.0,,,,,,2010,North Korea,1561,https://media.api-sports.io/football/players/104380.png
104380,Chol-Jin Pak,Chol-Jin,Pak,Korea DPR,1985-09-05,Pyongyang,Korea DPR,38,178 cm,178.0,70 kg,70.0,2010,1561.0,North Korea,1.0,World Cup,World,Defender,False,False,3.0,3.0,270.0,,0.0,0.0,0.0,,,0.0,,,,,,,,,,,,,,,,1.0,0.0,0.0,,,,,,2010,North Korea,1561,https://media.api-sports.io/football/players/104380.png
104381,Yong-Jun Kim,Yong-Jun,Kim,Korea DPR,1983-07-19,Pyongyang,Korea DPR,30,178 cm,178.0,67 kg,67.0,2006,1561.0,North Korea,,WC Qualification Asia,,Midfielder,False,False,11.0,11.0,967.0,,0.0,2.0,0.0,,,0.0,,,,,,,,,,,,,,,,1.0,0.0,0.0,,,,,,2010,North Korea,1561,https://media.api-sports.io/football/players/104381.png
104381,Yong-Jun Kim,Yong-Jun,Kim,Korea DPR,1983-07-19,Pyongyang,Korea DPR,30,178 cm,178.0,67 kg,67.0,2009,1561.0,North Korea,,Friendlies,,Midfielder,False,False,2.0,2.0,157.0,,0.0,1.0,0.0,,,0.0,,,,,,,,,,,,,,,,0.0,0.0,0.0,,,,,,2010,North Korea,1561,https://media.api-sports.io/football/players/104381.png
104381,Yong-Jun Kim,Yong-Jun,Kim,Korea DPR,1983-07-19,Pyongyang,Korea DPR,30,178 cm,178.0,67 kg,67.0,2010,1561.0,North Korea,,WC Qualification Asia,,Midfielder,False,False,11.0,8.0,518.0,,3.0,7.0,6.0,,,0.0,,,,,,,,,,,,,,,,0.0,0.0,1.0,,,,,,2010,North Korea,1561,https://media.api-sports.io/football/players/104381.png
104381,Yong-Jun Kim,Yong-Jun,Kim,Korea DPR,1983-07-19,Pyongyang,Korea DPR,30,178 cm,178.0,67 kg,67.0,2010,1561.0,North Korea,1.0,World Cup,World,Midfielder,False,False,1.0,0.0,32.0,,1.0,0.0,3.0,,,0.0,,,,,,,,,,,,,,,,0.0,0.0,0.0,,,,,,2010,North Korea,1561,https://media.api-sports.io/football/players/104381.png
104381,Yong-Jun Kim,Yong-Jun,Kim,Korea DPR,1983-07-19,Pyongyang,Korea DPR,30,178 cm,178.0,67 kg,67.0,2011,1561.0,North Korea,,Asian Cup,,Midfielder,False,False,0.0,0.0,0.0,,0.0,0.0,3.0,,,0.0,,,,,,,,,,,,,,,,0.0,0.0,0.0,,,,,,2010,North Korea,1561,https://media.api-sports.io/football/players/104381.png
104381,Yong-Jun Kim,Yong-Jun,Kim,Korea DPR,1983-07-19,Pyongyang,Korea DPR,30,178 cm,178.0,67 kg,67.0,2014,1561.0,North Korea,,WC Qualification Asia,,Midfielder,False,False,1.0,1.0,56.0,,0.0,1.0,2.0,,,0.0,,,,,,,,,,,,,,,,0.0,0.0,0.0,,,,,,2010,North Korea,1561,https://media.api-sports.io/football/players/104381.png
104382,Yun-Nam Ji,Yun-Nam,Ji,Korea DPR,1976-11-20,Pyongyang,Korea DPR,41,176 cm,176.0,67 kg,67.0,2006,1561.0,North Korea,,WC Qualification Asia,,Midfielder,False,False,3.0,0.0,114.0,,3.0,0.0,5.0,,,0.0,,,,,,,,,,,,,,,,0.0,0.0,0.0,,,,,,2010,North Korea,1561,https://media.api-sports.io/football/players/104382.png
104382,Yun-Nam Ji,Yun-Nam,Ji,Korea DPR,1976-11-20,Pyongyang,Korea DPR,41,176 cm,176.0,67 kg,67.0,2009,1561.0,North Korea,,Friendlies,,Midfielder,False,False,1.0,1.0,90.0,,0.0,0.0,0.0,,,0.0,,,,,,,,,,,,,,,,0.0,0.0,0.0,,,,,,2010,North Korea,1561,https://media.api-sports.io/football/players/104382.png
104382,Yun-Nam Ji,Yun-Nam,Ji,Korea DPR,1976-11-20,Pyongyang,Korea DPR,41,176 cm,176.0,67 kg,67.0,2010,1561.0,North Korea,,WC Qualification Asia,,Midfielder,False,False,5.0,5.0,440.0,,0.0,1.0,5.0,,,0.0,,,,,,,,,,,,,,,,0.0,0.0,0.0,,,,,,2010,North Korea,1561,https://media.api-sports.io/football/players/104382.png
104382,Yun-Nam Ji,Yun-Nam,Ji,Korea DPR,1976-11-20,Pyongyang,Korea DPR,41,176 cm,176.0,67 kg,67.0,2010,1561.0,North Korea,1.0,World Cup,World,Midfielder,False,False,3.0,3.0,270.0,,0.0,0.0,0.0,,,1.0,,,,,,,,,,,,,,,,0.0,0.0,0.0,,,,,,2010,North Korea,1561,https://media.api-sports.io/football/players/104382.png
104382,Yun-Nam Ji,Yun-Nam,Ji,Korea DPR,1976-11-20,Pyongyang,Korea DPR,41,176 cm,176.0,67 kg,67.0,2011,1561.0,North Korea,,Asian Cup,,Midfielder,False,False,0.0,0.0,0.0,,0.0,0.0,3.0,,,0.0,,,,,,,,,,,,,,,,0.0,0.0,0.0,,,,,,2010,North Korea,1561,https://media.api-sports.io/football/players/104382.png
104383,Kum-Chol Choe,Kum-Chol,Choe,Korea DPR,1987-02-09,Pyongyang,Korea DPR,36,182 cm,182.0,75 kg,75.0,2009,1561.0,North Korea,,Friendlies,,Attacker,False,False,1.0,1.0,58.0,,0.0,1.0,0.0,,,0.0,,,,,,,,,,,,,,,,0.0,0.0,0.0,,,,,,2010,North Korea,1561,https://media.api-sports.io/football/players/104383.png
104383,Kum-Chol Choe,Kum-Chol,Choe,Korea DPR,1987-02-09,Pyongyang,Korea DPR,36,182 cm,182.0,75 kg,75.0,2010,10939.0,Korea DPR U23,,Asian Games,,Attacker,False,False,5.0,4.0,405.0,,1.0,0.0,1.0,,,3.0,,,,,,,,,,,,,,,,2.0,0.0,0.0,,,,,,2010,North Korea,1561,https://media.api-sports.io/football/players/104383.png
104383,Kum-Chol Choe,Kum-Chol,Choe,Korea DPR,1987-02-09,Pyongyang,Korea DPR,36,182 cm,182.0,75 kg,75.0,2010,1561.0,North Korea,,WC Qualification Asia,,Attacker,False,False,8.0,2.0,253.0,,6.0,2.0,9.0,,,2.0,,,,,,,,,,,,,,,,0.0,0.0,0.0,,,,,,2010,North Korea,1561,https://media.api-sports.io/football/players/104383.png
104383,Kum-Chol Choe,Kum-Chol,Choe,Korea DPR,1987-02-09,Pyongyang,Korea DPR,36,182 cm,182.0,75 kg,75.0,2010,1561.0,North Korea,1.0,World Cup,World,Attacker,False,False,1.0,0.0,23.0,,1.0,0.0,3.0,,,0.0,,,,,,,,,,,,,,,,0.0,0.0,0.0,,,,,,2010,North Korea,1561,https://media.api-sports.io/football/players/104383.png
118038,Kum-Il Kim,Kum-Il,Kim,Korea DPR,1987-10-10,Pyongyang,Korea DPR,30,171 cm,171.0,65 kg,65.0,2009,1561.0,North Korea,,Friendlies,,Attacker,False,False,1.0,1.0,90.0,,0.0,0.0,0.0,,,0.0,,,,,,,,,,,,,,,,0.0,0.0,0.0,,,,,,2010,North Korea,1561,https://media.api-sports.io/football/players/118038.png
118038,Kum-Il Kim,Kum-Il,Kim,Korea DPR,1987-10-10,Pyongyang,Korea DPR,30,171 cm,171.0,65 kg,65.0,2010,1561.0,North Korea,,WC Qualification Asia,,Attacker,False,False,3.0,0.0,36.0,,3.0,0.0,13.0,,,0.0,,,,,,,,,,,,,,,,0.0,0.0,0.0,,,,,,2010,North Korea,1561,https://media.api-sports.io/football/players/118038.png
118038,Kum-Il Kim,Kum-Il,Kim,Korea DPR,1987-10-10,Pyongyang,Korea DPR,30,171 cm,171.0,65 kg,65.0,2010,1561.0,North Korea,1.0,World Cup,World,Attacker,False,False,2.0,0.0,42.0,,2.0,0.0,3.0,,,0.0,,,,,,,,,,,,,,,,0.0,0.0,0.0,,,,,,2010,North Korea,1561,https://media.api-sports.io/football/players/118038.png
118039,Chol-Myong Ri,Chol-Myong,Ri,Korea DPR,1988-02-18,Pyongyang,Korea DPR,35,172 cm,172.0,64 kg,64.0,2009,1561.0,North Korea,,Friendlies,,Midfielder,False,False,1.0,0.0,32.0,,1.0,0.0,0.0,,,0.0,,,,,,,,,,,,,,,,0.0,0.0,0.0,,,,,,2010,North Korea,1561,https://media.api-sports.io/football/players/118039.png
118039,Chol-Myong Ri,Chol-Myong,Ri,Korea DPR,1988-02-18,Pyongyang,Korea DPR,35,172 cm,172.0,64 kg,64.0,2010,10939.0,Korea DPR U23,,Asian Games,,Midfielder,False,False,5.0,4.0,402.0,,1.0,1.0,1.0,,,0.0,,,,,,,,,,,,,,,,0.0,0.0,0.0,,,,,,2010,North Korea,1561,https://media.api-sports.io/football/players/118039.png
118039,Chol-Myong Ri,Chol-Myong,Ri,Korea DPR,1988-02-18,Pyongyang,Korea DPR,35,172 cm,172.0,64 kg,64.0,2010,1561.0,North Korea,,WC Qualification Asia,,Midfielder,False,False,2.0,2.0,134.0,,0.0,1.0,1.0,,,0.0,,,,,,,,,,,,,,,,0.0,0.0,1.0,,,,,,2010,North Korea,1561,https://media.api-sports.io/football/players/118039.png
118039,Chol-Myong Ri,Chol-Myong,Ri,Korea DPR,1988-02-18,Pyongyang,Korea DPR,35,172 cm,172.0,64 kg,64.0,2010,1561.0,North Korea,1.0,World Cup,World,Midfielder,False,False,0.0,0.0,0.0,,0.0,0.0,3.0,,,0.0,,,,,,,,,,,,,,,,0.0,0.0,0.0,,,,,,2010,North Korea,1561,https://media.api-sports.io/football/players/118039.png
118039,Chol-Myong Ri,Chol-Myong,Ri,Korea DPR,1988-02-18,Pyongyang,Korea DPR,35,172 cm,172.0,64 kg,64.0,2014,1561.0,North Korea,,WC Qualification Asia,,Midfielder,False,False,6.0,4.0,394.0,,2.0,3.0,2.0,,,0.0,,,,,,,,,,,,,,,,0.0,0.0,0.0,,,,,,2010,North Korea,1561,https://media.api-sports.io/football/players/118039.png
118039,Chol-Myong Ri,Chol-Myong,Ri,Korea DPR,1988-02-18,Pyongyang,Korea DPR,35,172 cm,172.0,64 kg,64.0,2016,1561.0,North Korea,,Friendlies,,Midfielder,False,False,0.0,0.0,0.0,,0.0,0.0,0.0,,,0.0,,,,,,,,,,,,,,,,0.0,0.0,0.0,,,,,,2010,North Korea,1561,https://media.api-sports.io/football/players/118039.png
118039,Chol-Myong Ri,Chol-Myong,Ri,Korea DPR,1988-02-18,Pyongyang,Korea DPR,35,172 cm,172.0,64 kg,64.0,2018,1561.0,North Korea,30.0,World Cup - Qualification Asia,World,Midfielder,False,False,8.0,8.0,701.0,,0.0,1.0,0.0,,,0.0,,,,,,,,,,,,,,,,1.0,0.0,0.0,,,,,,2010,North Korea,1561,https://media.api-sports.io/football/players/118039.png
118040,Kyong-Il Kim,Kyong-Il,Kim,Korea DPR,1988-12-11,Pyongyang,Korea DPR,35,173 cm,173.0,64 kg,64.0,2010,1561.0,North Korea,,WC Qualification Asia,,Midfielder,False,False,1.0,1.0,30.0,,0.0,1.0,0.0,,,0.0,,,,,,,,,,,,,,,,0.0,0.0,0.0,,,,,,2010,North Korea,1561,https://media.api-sports.io/football/players/118040.png
118040,Kyong-Il Kim,Kyong-Il,Kim,Korea DPR,1988-12-11,Pyongyang,Korea DPR,35,173 cm,173.0,64 kg,64.0,2010,1561.0,North Korea,1.0,World Cup,World,Midfielder,False,False,0.0,0.0,0.0,,0.0,0.0,3.0,,,0.0,,,,,,,,,,,,,,,,0.0,0.0,0.0,,,,,,2010,North Korea,1561,https://media.api-sports.io/football/players/118040.png
118041,Myong-Won Kim,Myong-Won,Kim,Korea DPR,1983-07-15,Pyongyang,Korea DPR,33,179 cm,179.0,72 kg,72.0,2010,1561.0,North Korea,,WC Qualification Asia,,Attacker,False,False,2.0,0.0,7.0,,2.0,0.0,7.0,,,0.0,,,,,,,,,,,,,,,,0.0,0.0,0.0,,,,,,2010,North Korea,1561,https://media.api-sports.io/football/players/118041.png
118041,Myong-Won Kim,Myong-Won,Kim,Korea DPR,1983-07-15,Pyongyang,Korea DPR,33,179 cm,179.0,72 kg,72.0,2010,1561.0,North Korea,1.0,World Cup,World,Attacker,False,False,0.0,0.0,0.0,,0.0,0.0,3.0,,,0.0,,,,,,,,,,,,,,,,0.0,0.0,0.0,,,,,,2010,North Korea,1561,https://media.api-sports.io/football/players/118041.png
118042,Song-Chol Nam,Song-Chol,Nam,Korea DPR,1982-05-07,Pyongyang,Korea DPR,35,171 cm,171.0,64 kg,64.0,2006,1561.0,North Korea,,WC Qualification Asia,,Defender,False,False,9.0,6.0,627.0,,3.0,0.0,3.0,,,1.0,,,,,,,,,,,,,,,,1.0,0.0,1.0,,,,,,2010,North Korea,1561,https://media.api-sports.io/football/players/118042.png
118042,Song-Chol Nam,Song-Chol,Nam,Korea DPR,1982-05-07,Pyongyang,Korea DPR,35,171 cm,171.0,64 kg,64.0,2009,1561.0,North Korea,,Friendlies,,Defender,False,False,1.0,1.0,90.0,,0.0,0.0,0.0,,,0.0,,,,,,,,,,,,,,,,0.0,0.0,0.0,,,,,,2010,North Korea,1561,https://media.api-sports.io/football/players/118042.png
118042,Song-Chol Nam,Song-Chol,Nam,Korea DPR,1982-05-07,Pyongyang,Korea DPR,35,171 cm,171.0,64 kg,64.0,2010,1561.0,North Korea,,WC Qualification Asia,,Defender,False,False,10.0,9.0,820.0,,1.0,0.0,4.0,,,0.0,,,,,,,,,,,,,,,,2.0,0.0,0.0,,,,,,2010,North Korea,1561,https://media.api-sports.io/football/players/118042.png
118042,Song-Chol Nam,Song-Chol,Nam,Korea DPR,1982-05-07,Pyongyang,Korea DPR,35,171 cm,171.0,64 kg,64.0,2010,1561.0,North Korea,1.0,World Cup,World,Defender,False,False,1.0,0.0,15.0,,1.0,0.0,3.0,,,0.0,,,,,,,,,,,,,,,,0.0,0.0,0.0,,,,,,2010,North Korea,1561,https://media.api-sports.io/football/players/118042.png
118043,Pak Sung-Hyok,Sung-Hyok,Pak,Korea DPR,1990-05-30,Pyongyang,Korea DPR,31,180 cm,180.0,73 kg,73.0,2009,1561.0,North Korea,,Friendlies,,Defender,False,False,1.0,0.0,23.0,,1.0,0.0,0.0,,,0.0,,,,,,,,,,,,,,,,0.0,0.0,0.0,,,,,,2010,North Korea,1561,https://media.api-sports.io/football/players/118043.png
118043,Pak Sung-Hyok,Sung-Hyok,Pak,Korea DPR,1990-05-30,Pyongyang,Korea DPR,31,180 cm,180.0,73 kg,73.0,2010,1561.0,North Korea,1.0,World Cup,World,Defender,False,False,0.0,0.0,0.0,,0.0,0.0,3.0,,,0.0,,,,,,,,,,,,,,,,0.0,0.0,0.0,,,,,,2010,North Korea,1561,https://media.api-sports.io/football/players/118043.png
