player_id,player_name,firstname,lastname,nationality,birth_date,birth_place,birth_country,age,height,weight,injured,photo,season,team_id,team_name,league_id,league_name,league_country,position,appearances,lineups,minutes,rating,captain,substitutes_in,substitutes_out,substitutes_bench,shots_total,shots_on_target,goals,goals_conceded,assists,saves,passes_total,passes_key,passes_accuracy,tackles_total,tackles_blocks,tackles_interceptions,duels_total,duels_won,dribbles_attempts,dribbles_success,dribbles_past,fouls_drawn,fouls_committed,cards_yellow,cards_yellowred,cards_red,penalty_won,penalty_committed,penalty_scored,penalty_missed,penalty_saved,national_team_id,national_team_name
543038,A. A. Asad Hajabi,,,,,,,21,,,False,https://media.api-sports.io/football/players/543038.png,2025,4532,Al Hussein,18.0,AFC Cup,World,Defender,2.0,1.0,45.0,5.6,False,1.0,0.0,3.0,1.0,1.0,0.0,0.0,0.0,,14.0,,,,,,4.0,,,,,,1.0,0.0,0.0,0.0,,,0.0,0.0,,1548,Jordan
310835,Abdallah Naseeb,Abdallah Mousa,Musallam Naseeb,Jordan,1994-02-25,Aqaba,Jordan,31,183.0,79.0,False,https://media.api-sports.io/football/players/310835.png,2016,10938,Jordan U23,,AFC U23 Asian Cup,,Defender,0.0,0.0,0.0,,False,0.0,0.0,4.0,,,0.0,,,,,,,,,,,,,,,,,0.0,0.0,0.0,,,,,,1548,Jordan
310835,Abdallah Naseeb,Abdallah Mousa,Musallam Naseeb,Jordan,1994-02-25,Aqaba,Jordan,31,183.0,79.0,False,https://media.api-sports.io/football/players/310835.png,2021,1572,Al Ittihad,233.0,Premier League,Egypt,Defender,19.0,18.0,1664.0,,False,1.0,0.0,7.0,,,1.0,,,,,,,,,,,,,,,,,3.0,0.0,0.0,,,,,,1548,Jordan
310835,Abdallah Naseeb,Abdallah Mousa,Musallam Naseeb,Jordan,1994-02-25,Aqaba,Jordan,31,183.0,79.0,False,https://media.api-sports.io/football/players/310835.png,2021,4537,Al Wihdat,17.0,AFC Champions League,World,Defender,1.0,1.0,73.0,6.2,False,0.0,1.0,3.0,,,0.0,0.0,,,15.0,,,1.0,1.0,3.0,8.0,3.0,,,,1.0,1.0,0.0,0.0,0.0,,,0.0,0.0,,1548,Jordan
310835,Abdallah Naseeb,Abdallah Mousa,Musallam Naseeb,Jordan,1994-02-25,Aqaba,Jordan,31,183.0,79.0,False,https://media.api-sports.io/football/players/310835.png,2021,1548,Jordan,10.0,Friendlies,World,Defender,3.0,3.0,266.0,,False,0.0,1.0,0.0,,,0.0,,,,,,,,,,,,,,,,,0.0,0.0,0.0,,,,,,1548,Jordan
310835,Abdallah Naseeb,Abdallah Mousa,Musallam Naseeb,Jordan,1994-02-25,Aqaba,Jordan,31,183.0,79.0,False,https://media.api-sports.io/football/players/310835.png,2021,1548,Jordan,860.0,Arab Cup,World,Defender,4.0,3.0,311.0,,False,1.0,1.0,1.0,,,0.0,,,,,,,,,,,,,,,,,1.0,0.0,0.0,,,,,,1548,Jordan
310835,Abdallah Naseeb,Abdallah Mousa,Musallam Naseeb,Jordan,1994-02-25,Aqaba,Jordan,31,183.0,79.0,False,https://media.api-sports.io/football/players/310835.png,2022,1572,Al Ittihad,233.0,Premier League,Egypt,Defender,13.0,8.0,840.0,,False,5.0,0.0,9.0,,,1.0,,,,,,,,,,,,,,,,,1.0,0.0,0.0,,,,,,1548,Jordan
310835,Abdallah Naseeb,Abdallah Mousa,Musallam Naseeb,Jordan,1994-02-25,Aqaba,Jordan,31,183.0,79.0,False,https://media.api-sports.io/football/players/310835.png,2022,1548,Jordan,35.0,Asian Cup - Qualification,World,Defender,3.0,3.0,270.0,,False,0.0,0.0,0.0,,,0.0,,,,,,,,,,,,,,,,,1.0,0.0,0.0,,,,,,1548,Jordan
310835,Abdallah Naseeb,Abdallah Mousa,Musallam Naseeb,Jordan,1994-02-25,Aqaba,Jordan,31,183.0,79.0,False,https://media.api-sports.io/football/players/310835.png,2022,1548,Jordan,10.0,Friendlies,World,Defender,3.0,2.0,170.0,,False,1.0,1.0,1.0,,,0.0,,,,,,,,,,,,,,,,,0.0,0.0,0.0,,,,,,1548,Jordan
310835,Abdallah Naseeb,Abdallah Mousa,Musallam Naseeb,Jordan,1994-02-25,Aqaba,Jordan,31,183.0,79.0,False,https://media.api-sports.io/football/players/310835.png,2023,4532,Al Hussein,387.0,League,Jordan,Defender,,,,,False,,,,,,,,,,,,,,,,,,,,,,,,,,,,,,,1548,Jordan
310835,Abdallah Naseeb,Abdallah Mousa,Musallam Naseeb,Jordan,1994-02-25,Aqaba,Jordan,31,183.0,79.0,False,https://media.api-sports.io/football/players/310835.png,2023,1548,Jordan,7.0,Asian Cup,World,Defender,7.0,7.0,630.0,7.014285,False,0.0,0.0,0.0,2.0,1.0,0.0,0.0,,,356.0,,41.0,23.0,7.0,10.0,80.0,48.0,3.0,1.0,,4.0,10.0,1.0,0.0,0.0,,,0.0,0.0,,1548,Jordan
310835,Abdallah Naseeb,Abdallah Mousa,Musallam Naseeb,Jordan,1994-02-25,Aqaba,Jordan,31,183.0,79.0,False,https://media.api-sports.io/football/players/310835.png,2023,1548,Jordan,,Asian Cup Qualification,,Defender,3.0,3.0,270.0,,False,0.0,0.0,0.0,,,0.0,,,,,,,,,,,,,,,,,1.0,0.0,0.0,,,,,,1548,Jordan
310835,Abdallah Naseeb,Abdallah Mousa,Musallam Naseeb,Jordan,1994-02-25,Aqaba,Jordan,31,183.0,79.0,False,https://media.api-sports.io/football/players/310835.png,2023,1548,Jordan,10.0,Friendlies,World,Defender,5.0,4.0,376.0,,False,1.0,0.0,0.0,,,0.0,,,,,,,,,,,,,,,,,1.0,0.0,0.0,,,,,,1548,Jordan
310835,Abdallah Naseeb,Abdallah Mousa,Musallam Naseeb,Jordan,1994-02-25,Aqaba,Jordan,31,183.0,79.0,False,https://media.api-sports.io/football/players/310835.png,2024,4532,Al Hussein,387.0,League,Jordan,Defender,,,,,False,,,,,,,,,,,,,,,,,,,,,,,,,,,,,,,1548,Jordan
310835,Abdallah Naseeb,Abdallah Mousa,Musallam Naseeb,Jordan,1994-02-25,Aqaba,Jordan,31,183.0,79.0,False,https://media.api-sports.io/football/players/310835.png,2024,4532,Al Hussein,18.0,AFC Cup,World,Defender,7.0,7.0,660.0,7.16,False,0.0,0.0,0.0,1.0,,1.0,0.0,0.0,,194.0,,,10.0,4.0,11.0,45.0,23.0,4.0,4.0,,2.0,11.0,3.0,0.0,0.0,,,0.0,0.0,,1548,Jordan
310835,Abdallah Naseeb,Abdallah Mousa,Musallam Naseeb,Jordan,1994-02-25,Aqaba,Jordan,31,183.0,79.0,False,https://media.api-sports.io/football/players/310835.png,2024,1548,Jordan,10.0,Friendlies,World,Defender,1.0,1.0,78.0,,False,0.0,1.0,0.0,,,0.0,,,,,,,,,,,,,,,,,0.0,0.0,0.0,,,,,,1548,Jordan
310835,Abdallah Naseeb,Abdallah Mousa,Musallam Naseeb,Jordan,1994-02-25,Aqaba,Jordan,31,183.0,79.0,False,https://media.api-sports.io/football/players/310835.png,2025,8010,Al Zawra'a,18.0,AFC Cup,World,Defender,3.0,3.0,270.0,6.9,False,0.0,0.0,1.0,1.0,,0.0,0.0,0.0,,147.0,,40.0,7.0,1.0,2.0,20.0,14.0,,,,2.0,2.0,0.0,0.0,0.0,,,0.0,0.0,,1548,Jordan
310835,Abdallah Naseeb,Abdallah Mousa,Musallam Naseeb,Jordan,1994-02-25,Aqaba,Jordan,31,183.0,79.0,False,https://media.api-sports.io/football/players/310835.png,2025,1548,Jordan,10.0,Friendlies,World,Defender,4.0,3.0,90.0,7.2,False,1.0,0.0,4.0,,,0.0,0.0,0.0,,33.0,,,4.0,,2.0,7.0,5.0,,,,,1.0,0.0,0.0,0.0,,,0.0,0.0,,1548,Jordan
163865,Adham Al Quraishi,Adham Mohammad Salem,Al Quraishi,Jordan,1995-03-07,,Jordan,30,,,False,https://media.api-sports.io/football/players/163865.png,2016,4537,Al Wihdat,,AFC Champions League Two,,Defender,0.0,0.0,0.0,,False,0.0,0.0,0.0,,,0.0,,,,,,,,,,,,,,,,,0.0,0.0,0.0,,,,,,1548,Jordan
163865,Adham Al Quraishi,Adham Mohammad Salem,Al Quraishi,Jordan,1995-03-07,,Jordan,30,,,False,https://media.api-sports.io/football/players/163865.png,2016,4537,Al Wihdat,17.0,AFC Champions League,World,Defender,0.0,0.0,0.0,,False,0.0,0.0,0.0,,,0.0,,,,,,,,,,,,,,,,,0.0,0.0,0.0,,,,,,1548,Jordan
163865,Adham Al Quraishi,Adham Mohammad Salem,Al Quraishi,Jordan,1995-03-07,,Jordan,30,,,False,https://media.api-sports.io/football/players/163865.png,2017,4537,Al Wihdat,18.0,AFC Cup,World,Defender,5.0,2.0,290.0,,False,3.0,0.0,3.0,,,0.0,,,,,,,,,,,,,,,,,1.0,0.0,0.0,,,,,,1548,Jordan
163865,Adham Al Quraishi,Adham Mohammad Salem,Al Quraishi,Jordan,1995-03-07,,Jordan,30,,,False,https://media.api-sports.io/football/players/163865.png,2017,4537,Al Wihdat,17.0,AFC Champions League,World,Defender,0.0,0.0,0.0,,False,0.0,0.0,2.0,,,0.0,,,,,,,,,,,,,,,,,0.0,0.0,0.0,,,,,,1548,Jordan
163865,Adham Al Quraishi,Adham Mohammad Salem,Al Quraishi,Jordan,1995-03-07,,Jordan,30,,,False,https://media.api-sports.io/football/players/163865.png,2019,4537,Al Wihdat,17.0,AFC Champions League,World,Defender,1.0,0.0,12.0,,False,1.0,0.0,1.0,,,0.0,,,,,,,,,,,,,,,,,0.0,0.0,0.0,,,,,,1548,Jordan
163865,Adham Al Quraishi,Adham Mohammad Salem,Al Quraishi,Jordan,1995-03-07,,Jordan,30,,,False,https://media.api-sports.io/football/players/163865.png,2019,4537,Al Wihdat,18.0,AFC Cup,World,Defender,5.0,2.0,165.0,,False,3.0,2.0,4.0,,,0.0,,,,,,,,,,,,,,,,,0.0,0.0,0.0,,,,,,1548,Jordan
163865,Adham Al Quraishi,Adham Mohammad Salem,Al Quraishi,Jordan,1995-03-07,,Jordan,30,,,False,https://media.api-sports.io/football/players/163865.png,2021,4535,Al Salt,18.0,AFC Cup,World,Defender,4.0,4.0,360.0,,False,0.0,0.0,0.0,,,0.0,,,,,,,,,,,,,,,,,0.0,0.0,0.0,,,,,,1548,Jordan
163865,Adham Al Quraishi,Adham Mohammad Salem,Al Quraishi,Jordan,1995-03-07,,Jordan,30,,,False,https://media.api-sports.io/football/players/163865.png,2023,4535,Al Salt,387.0,League,Jordan,Defender,,,,,False,,,,,,,,,,,,,,,,,,,,,,,,,,,,,,,1548,Jordan
163865,Adham Al Quraishi,Adham Mohammad Salem,Al Quraishi,Jordan,1995-03-07,,Jordan,30,,,False,https://media.api-sports.io/football/players/163865.png,2024,4532,Al Hussein,387.0,League,Jordan,Defender,,,,,False,,,,,,,,,,,,,,,,,,,,,,,,,,,,,,,1548,Jordan
163865,Adham Al Quraishi,Adham Mohammad Salem,Al Quraishi,Jordan,1995-03-07,,Jordan,30,,,False,https://media.api-sports.io/football/players/163865.png,2024,4532,Al Hussein,18.0,AFC Cup,World,Defender,8.0,7.0,625.0,6.96,False,1.0,3.0,1.0,,,0.0,0.0,1.0,,95.0,4.0,,10.0,,7.0,45.0,26.0,12.0,7.0,,6.0,4.0,0.0,0.0,0.0,,,0.0,0.0,,1548,Jordan
163865,Adham Al Quraishi,Adham Mohammad Salem,Al Quraishi,Jordan,1995-03-07,,Jordan,30,,,False,https://media.api-sports.io/football/players/163865.png,2024,4535,Al Salt,387.0,League,Jordan,Defender,,,,,False,,,,,,,,,,,,,,,,,,,,,,,,,,,,,,,1548,Jordan
163865,Adham Al Quraishi,Adham Mohammad Salem,Al Quraishi,Jordan,1995-03-07,,Jordan,30,,,False,https://media.api-sports.io/football/players/163865.png,2025,4532,Al Hussein,18.0,AFC Cup,World,Defender,3.0,3.0,90.0,6.2,False,0.0,0.0,0.0,,,0.0,0.0,0.0,,24.0,1.0,,2.0,,2.0,10.0,5.0,1.0,,,1.0,1.0,0.0,0.0,0.0,,,0.0,0.0,,1548,Jordan
163865,Adham Al Quraishi,Adham Mohammad Salem,Al Quraishi,Jordan,1995-03-07,,Jordan,30,,,False,https://media.api-sports.io/football/players/163865.png,2025,1548,Jordan,10.0,Friendlies,World,Midfielder,5.0,5.0,87.0,7.2,False,0.0,3.0,1.0,,,0.0,0.0,0.0,,15.0,,,,,5.0,4.0,3.0,1.0,1.0,,2.0,1.0,0.0,0.0,0.0,,,0.0,0.0,,1548,Jordan
164026,Ali Olwan,Ali Iyad,Ali Olwan,Jordan,2000-03-26,Amman,Jordan,25,181.0,80.0,False,https://media.api-sports.io/football/players/164026.png,2019,4533,Al Jazeera,507.0,Cup,South-Africa,Attacker,0.0,0.0,0.0,,False,0.0,0.0,0.0,,,0.0,,,,,,,,,,,,,,,,,0.0,0.0,0.0,,,,,,1548,Jordan
164026,Ali Olwan,Ali Iyad,Ali Olwan,Jordan,2000-03-26,Amman,Jordan,25,181.0,80.0,False,https://media.api-sports.io/football/players/164026.png,2019,4533,Al Jazeera,18.0,AFC Cup,World,Attacker,4.0,1.0,83.0,,False,3.0,1.0,7.0,,,0.0,,,,,,,,,,,,,,,,,0.0,0.0,0.0,,,,,,1548,Jordan
164026,Ali Olwan,Ali Iyad,Ali Olwan,Jordan,2000-03-26,Amman,Jordan,25,181.0,80.0,False,https://media.api-sports.io/football/players/164026.png,2020,4533,Al Jazeera,18.0,AFC Cup,World,Attacker,2.0,2.0,149.0,,False,0.0,2.0,0.0,,,0.0,,,,,,,,,,,,,,,,,0.0,0.0,0.0,,,,,,1548,Jordan
164026,Ali Olwan,Ali Iyad,Ali Olwan,Jordan,2000-03-26,Amman,Jordan,25,181.0,80.0,False,https://media.api-sports.io/football/players/164026.png,2020,10938,Jordan U23,532.0,AFC U23 Asian Cup,World,Attacker,4.0,4.0,307.0,,False,0.0,2.0,0.0,,,0.0,,,,,,,,,,,,,,,,,1.0,0.0,0.0,,,,,,1548,Jordan
164026,Ali Olwan,Ali Iyad,Ali Olwan,Jordan,2000-03-26,Amman,Jordan,25,181.0,80.0,False,https://media.api-sports.io/football/players/164026.png,2021,2916,Al Shamal,305.0,Stars League,Qatar,Attacker,11.0,10.0,891.0,,False,1.0,2.0,1.0,,,3.0,,,,,,,,,,,,,,,,,2.0,0.0,0.0,,,,,,1548,Jordan
164026,Ali Olwan,Ali Iyad,Ali Olwan,Jordan,2000-03-26,Amman,Jordan,25,181.0,80.0,False,https://media.api-sports.io/football/players/164026.png,2021,2916,Al Shamal,841.0,QFA Cup,Qatar,Attacker,1.0,1.0,90.0,,False,0.0,0.0,0.0,,,1.0,,,,,,,,,,,,,,,,,0.0,0.0,0.0,,,,,,1548,Jordan
164026,Ali Olwan,Ali Iyad,Ali Olwan,Jordan,2000-03-26,Amman,Jordan,25,181.0,80.0,False,https://media.api-sports.io/football/players/164026.png,2021,1548,Jordan,860.0,Arab Cup,World,Attacker,4.0,4.0,390.0,,False,0.0,0.0,0.0,,,0.0,,,,,,,,,,,,,,,,,0.0,0.0,0.0,,,,,,1548,Jordan
164026,Ali Olwan,Ali Iyad,Ali Olwan,Jordan,2000-03-26,Amman,Jordan,25,181.0,80.0,False,https://media.api-sports.io/football/players/164026.png,2021,1548,Jordan,10.0,Friendlies,World,Attacker,2.0,1.0,89.0,,False,1.0,1.0,0.0,,,0.0,,,,,,,,,,,,,,,,,0.0,0.0,0.0,,,,,,1548,Jordan
164026,Ali Olwan,Ali Iyad,Ali Olwan,Jordan,2000-03-26,Amman,Jordan,25,181.0,80.0,False,https://media.api-sports.io/football/players/164026.png,2022,2916,Al Shamal,305.0,Stars League,Qatar,Attacker,19.0,18.0,1614.0,,False,1.0,4.0,1.0,,,2.0,,,,,,,,,,,,,,,,,3.0,0.0,0.0,,,,,,1548,Jordan
164026,Ali Olwan,Ali Iyad,Ali Olwan,Jordan,2000-03-26,Amman,Jordan,25,181.0,80.0,False,https://media.api-sports.io/football/players/164026.png,2022,2916,Al Shamal,824.0,Emir Cup,Qatar,Attacker,1.0,1.0,90.0,,False,0.0,0.0,0.0,,,0.0,,,,,,,,,,,,,,,,,0.0,0.0,0.0,,,,,,1548,Jordan
164026,Ali Olwan,Ali Iyad,Ali Olwan,Jordan,2000-03-26,Amman,Jordan,25,181.0,80.0,False,https://media.api-sports.io/football/players/164026.png,2022,1548,Jordan,35.0,Asian Cup - Qualification,World,Attacker,3.0,3.0,230.0,,False,0.0,2.0,0.0,,,2.0,,,,,,,,,,,,,,,,,0.0,0.0,0.0,,,,,,1548,Jordan
164026,Ali Olwan,Ali Iyad,Ali Olwan,Jordan,2000-03-26,Amman,Jordan,25,181.0,80.0,False,https://media.api-sports.io/football/players/164026.png,2022,1548,Jordan,30.0,World Cup - Qualification Asia,World,Attacker,2.0,1.0,51.0,,False,1.0,1.0,2.0,,,0.0,,,,,,,,,,,,,,,,,0.0,0.0,0.0,,,,,,1548,Jordan
164026,Ali Olwan,Ali Iyad,Ali Olwan,Jordan,2000-03-26,Amman,Jordan,25,181.0,80.0,False,https://media.api-sports.io/football/players/164026.png,2022,1548,Jordan,10.0,Friendlies,World,Attacker,4.0,3.0,267.0,,False,1.0,3.0,1.0,,,2.0,,,,,,,,,,,,,,,,,0.0,0.0,0.0,,,,,,1548,Jordan
164026,Ali Olwan,Ali Iyad,Ali Olwan,Jordan,2000-03-26,Amman,Jordan,25,181.0,80.0,False,https://media.api-sports.io/football/players/164026.png,2023,2916,Al Shamal,305.0,Stars League,Qatar,Attacker,12.0,12.0,1048.0,6.766666,False,0.0,3.0,0.0,2.0,2.0,3.0,0.0,,,98.0,5.0,,3.0,1.0,,32.0,14.0,15.0,7.0,,1.0,1.0,0.0,0.0,0.0,,,0.0,0.0,,1548,Jordan
164026,Ali Olwan,Ali Iyad,Ali Olwan,Jordan,2000-03-26,Amman,Jordan,25,181.0,80.0,False,https://media.api-sports.io/football/players/164026.png,2023,2916,Al Shamal,677.0,QSL Cup,Qatar,Attacker,0.0,0.0,0.0,,False,0.0,0.0,0.0,,,0.0,,,,,,,,,,,,,,,,,0.0,0.0,0.0,,,,,,1548,Jordan
164026,Ali Olwan,Ali Iyad,Ali Olwan,Jordan,2000-03-26,Amman,Jordan,25,181.0,80.0,False,https://media.api-sports.io/football/players/164026.png,2023,2916,Al Shamal,824.0,Emir Cup,Qatar,Attacker,1.0,1.0,90.0,,False,0.0,0.0,0.0,,,0.0,,,,,,,,,,,,,,,,,0.0,0.0,0.0,,,,,,1548,Jordan
164026,Ali Olwan,Ali Iyad,Ali Olwan,Jordan,2000-03-26,Amman,Jordan,25,181.0,80.0,False,https://media.api-sports.io/football/players/164026.png,2023,2901,Al-Khor,306.0,Second Division,Qatar,Attacker,5.0,5.0,441.0,,False,0.0,2.0,0.0,,,2.0,,,,,,,,,,,,,,,,,0.0,0.0,0.0,,,,,,1548,Jordan
164026,Ali Olwan,Ali Iyad,Ali Olwan,Jordan,2000-03-26,Amman,Jordan,25,181.0,80.0,False,https://media.api-sports.io/football/players/164026.png,2023,1548,Jordan,7.0,Asian Cup,World,Attacker,6.0,6.0,523.0,6.95,False,0.0,,,10.0,5.0,,0.0,,,149.0,6.0,,4.0,1.0,1.0,97.0,42.0,32.0,17.0,,8.0,6.0,3.0,,0.0,,,0.0,0.0,,1548,Jordan
164026,Ali Olwan,Ali Iyad,Ali Olwan,Jordan,2000-03-26,Amman,Jordan,25,181.0,80.0,False,https://media.api-sports.io/football/players/164026.png,2023,1548,Jordan,,Asian Cup Qualification,,Attacker,3.0,3.0,230.0,,False,0.0,2.0,0.0,,,2.0,,,,,,,,,,,,,,,,,0.0,0.0,0.0,,,,,,1548,Jordan
164026,Ali Olwan,Ali Iyad,Ali Olwan,Jordan,2000-03-26,Amman,Jordan,25,181.0,80.0,False,https://media.api-sports.io/football/players/164026.png,2023,1548,Jordan,10.0,Friendlies,World,Attacker,5.0,3.0,358.0,,False,2.0,0.0,1.0,,,1.0,,,,,,,,,,,,,,,,,1.0,0.0,0.0,,,,,,1548,Jordan
164026,Ali Olwan,Ali Iyad,Ali Olwan,Jordan,2000-03-26,Amman,Jordan,25,181.0,80.0,False,https://media.api-sports.io/football/players/164026.png,2024,2901,Al-Khor,305.0,Stars League,Qatar,Attacker,,,,,False,,,,,,,,,,,,,,,,,,,,,,,,,,,,,,,1548,Jordan
164026,Ali Olwan,Ali Iyad,Ali Olwan,Jordan,2000-03-26,Amman,Jordan,25,181.0,80.0,False,https://media.api-sports.io/football/players/164026.png,2024,1548,Jordan,10.0,Friendlies,World,Attacker,1.0,1.0,77.0,,False,0.0,1.0,0.0,,,1.0,,,,,,,,,,,,,,,,,0.0,0.0,0.0,,,,,,1548,Jordan
164026,Ali Olwan,Ali Iyad,Ali Olwan,Jordan,2000-03-26,Amman,Jordan,25,181.0,80.0,False,https://media.api-sports.io/football/players/164026.png,2024,2526,Selangor,499.0,Malaysia Cup,Malaysia,Attacker,1.0,0.0,90.0,6.44,False,0.0,0.0,0.0,4.0,2.0,0.0,2.0,0.0,0.0,29.0,1.0,75.0,0.0,2.0,1.0,,,,2.0,,,,0.0,,0.0,,,,,,1548,Jordan
164026,Ali Olwan,Ali Iyad,Ali Olwan,Jordan,2000-03-26,Amman,Jordan,25,181.0,80.0,False,https://media.api-sports.io/football/players/164026.png,2024,2526,Selangor,278.0,Super League,Malaysia,Attacker,10.0,9.0,792.0,,False,1.0,2.0,1.0,,,2.0,,,,,,,,,,,,,,,,,1.0,0.0,0.0,,,,,,1548,Jordan
164026,Ali Olwan,Ali Iyad,Ali Olwan,Jordan,2000-03-26,Amman,Jordan,25,181.0,80.0,False,https://media.api-sports.io/football/players/164026.png,2024,2526,Selangor,18.0,AFC Cup,World,Attacker,6.0,4.0,402.0,6.8,False,2.0,2.0,2.0,2.0,,1.0,0.0,0.0,,43.0,1.0,,,,,20.0,7.0,10.0,5.0,,1.0,1.0,0.0,0.0,0.0,,,0.0,0.0,,1548,Jordan
164026,Ali Olwan,Ali Iyad,Ali Olwan,Jordan,2000-03-26,Amman,Jordan,25,181.0,80.0,False,https://media.api-sports.io/football/players/164026.png,2025,1548,Jordan,10.0,Friendlies,World,Attacker,3.0,3.0,87.0,6.6,False,0.0,2.0,1.0,3.0,2.0,0.0,0.0,0.0,,19.0,1.0,,1.0,,,14.0,4.0,4.0,2.0,,1.0,2.0,0.0,0.0,0.0,,,0.0,0.0,,1548,Jordan
198211,Amer Jamous,Amer Rasem Adel,Jamous,Jordan,2002-07-03,,Jordan,23,177.0,76.0,False,https://media.api-sports.io/football/players/198211.png,2020,4533,Al Jazeera,18.0,AFC Cup,World,Midfielder,0.0,0.0,0.0,,False,0.0,0.0,2.0,,,0.0,,,,,,,,,,,,,,,,,0.0,0.0,0.0,,,,,,1548,Jordan
198211,Amer Jamous,Amer Rasem Adel,Jamous,Jordan,2002-07-03,,Jordan,23,177.0,76.0,False,https://media.api-sports.io/football/players/198211.png,2023,4537,Al Wihdat,387.0,League,Jordan,Midfielder,,,,,False,,,,,,,,,,,,,,,,,,,,,,,,,,,,,,,1548,Jordan
198211,Amer Jamous,Amer Rasem Adel,Jamous,Jordan,2002-07-03,,Jordan,23,177.0,76.0,False,https://media.api-sports.io/football/players/198211.png,2023,4537,Al Wihdat,18.0,AFC Cup,World,Midfielder,1.0,0.0,4.0,,False,1.0,0.0,5.0,,,0.0,,,,,,,,,,,,,,,,,0.0,0.0,0.0,,,,,,1548,Jordan
198211,Amer Jamous,Amer Rasem Adel,Jamous,Jordan,2002-07-03,,Jordan,23,177.0,76.0,False,https://media.api-sports.io/football/players/198211.png,2023,4537,Al Wihdat,17.0,AFC Champions League,World,Midfielder,0.0,0.0,0.0,,False,0.0,0.0,1.0,,,0.0,,,,,,,,,,,,,,,,,0.0,0.0,0.0,,,,,,1548,Jordan
198211,Amer Jamous,Amer Rasem Adel,Jamous,Jordan,2002-07-03,,Jordan,23,177.0,76.0,False,https://media.api-sports.io/football/players/198211.png,2024,4537,Al Wihdat,387.0,League,Jordan,Midfielder,,,,,False,,,,,,,,,,,,,,,,,,,,,,,,,,,,,,,1548,Jordan
198211,Amer Jamous,Amer Rasem Adel,Jamous,Jordan,2002-07-03,,Jordan,23,177.0,76.0,False,https://media.api-sports.io/football/players/198211.png,2024,4537,Al Wihdat,18.0,AFC Cup,World,Midfielder,8.0,8.0,704.0,6.75,False,0.0,3.0,0.0,,,0.0,0.0,0.0,,63.0,,,6.0,1.0,2.0,13.0,8.0,1.0,1.0,,,1.0,2.0,0.0,0.0,,,0.0,0.0,,1548,Jordan
198211,Amer Jamous,Amer Rasem Adel,Jamous,Jordan,2002-07-03,,Jordan,23,177.0,76.0,False,https://media.api-sports.io/football/players/198211.png,2024,10938,Jordan U23,532.0,AFC U23 Asian Cup,World,Midfielder,3.0,3.0,226.0,,False,0.0,1.0,0.0,,,0.0,,,,,,,,,,,,,,,,,0.0,0.0,0.0,,,,,,1548,Jordan
198211,Amer Jamous,Amer Rasem Adel,Jamous,Jordan,2002-07-03,,Jordan,23,177.0,76.0,False,https://media.api-sports.io/football/players/198211.png,2025,4537,Al Wihdat,18.0,AFC Cup,World,Midfielder,5.0,5.0,270.0,6.73,False,0.0,1.0,0.0,1.0,,0.0,0.0,0.0,,130.0,1.0,,7.0,,3.0,35.0,16.0,8.0,5.0,,3.0,7.0,2.0,0.0,0.0,,,0.0,0.0,,1548,Jordan
198211,Amer Jamous,Amer Rasem Adel,Jamous,Jordan,2002-07-03,,Jordan,23,177.0,76.0,False,https://media.api-sports.io/football/players/198211.png,2025,1548,Jordan,10.0,Friendlies,World,Defender,5.0,3.0,9.0,6.6,False,2.0,2.0,4.0,,,0.0,0.0,0.0,,2.0,,,1.0,,,1.0,1.0,,,,,,0.0,0.0,0.0,,,0.0,0.0,,1548,Jordan
213977,Hadi Al Hourani,Hadi Omar Ahmed,Al Hourani,Jordan,2000-03-14,,Jordan,25,185.0,79.0,False,https://media.api-sports.io/football/players/213977.png,2020,10938,Jordan U23,532.0,AFC U23 Asian Cup,World,Defender,4.0,4.0,360.0,,False,0.0,0.0,0.0,,,0.0,,,,,,,,,,,,,,,,,0.0,0.0,0.0,,,,,,1548,Jordan
213977,Hadi Al Hourani,Hadi Omar Ahmed,Al Hourani,Jordan,2000-03-14,,Jordan,25,185.0,79.0,False,https://media.api-sports.io/football/players/213977.png,2021,1548,Jordan,10.0,Friendlies,World,Defender,1.0,0.0,4.0,,False,1.0,0.0,0.0,,,0.0,,,,,,,,,,,,,,,,,0.0,0.0,0.0,,,,,,1548,Jordan
213977,Hadi Al Hourani,Hadi Omar Ahmed,Al Hourani,Jordan,2000-03-14,,Jordan,25,185.0,79.0,False,https://media.api-sports.io/football/players/213977.png,2021,1548,Jordan,860.0,Arab Cup,World,Defender,3.0,2.0,254.0,,False,1.0,0.0,2.0,,,0.0,,,,,,,,,,,,,,,,,0.0,0.0,0.0,,,,,,1548,Jordan
213977,Hadi Al Hourani,Hadi Omar Ahmed,Al Hourani,Jordan,2000-03-14,,Jordan,25,185.0,79.0,False,https://media.api-sports.io/football/players/213977.png,2022,1548,Jordan,10.0,Friendlies,World,Defender,0.0,0.0,0.0,,False,0.0,0.0,1.0,,,0.0,,,,,,,,,,,,,,,,,0.0,0.0,0.0,,,,,,1548,Jordan
213977,Hadi Al Hourani,Hadi Omar Ahmed,Al Hourani,Jordan,2000-03-14,,Jordan,25,185.0,79.0,False,https://media.api-sports.io/football/players/213977.png,2022,10938,Jordan U23,532.0,AFC U23 Asian Cup,World,Defender,3.0,3.0,270.0,,False,0.0,0.0,0.0,,,0.0,,,,,,,,,,,,,,,,,1.0,0.0,0.0,,,,,,1548,Jordan
213977,Hadi Al Hourani,Hadi Omar Ahmed,Al Hourani,Jordan,2000-03-14,,Jordan,25,185.0,79.0,False,https://media.api-sports.io/football/players/213977.png,2023,977,FUS Rabat,200.0,Botola Pro,Morocco,Defender,0.0,0.0,0.0,,False,0.0,0.0,7.0,,,0.0,,,,,,,,,,,,,,,,,0.0,0.0,0.0,,,,,,1548,Jordan
213977,Hadi Al Hourani,Hadi Omar Ahmed,Al Hourani,Jordan,2000-03-14,,Jordan,25,185.0,79.0,False,https://media.api-sports.io/football/players/213977.png,2023,977,FUS Rabat,20.0,CAF Confederation Cup,World,Defender,,,,,False,,,,,,,,,,,,,,,,,,,,,,,,,,,,,,,1548,Jordan
213977,Hadi Al Hourani,Hadi Omar Ahmed,Al Hourani,Jordan,2000-03-14,,Jordan,25,185.0,79.0,False,https://media.api-sports.io/football/players/213977.png,2023,1548,Jordan,10.0,Friendlies,World,Defender,0.0,0.0,0.0,,False,0.0,0.0,2.0,,,0.0,,,,,,,,,,,,,,,,,0.0,0.0,0.0,,,,,,1548,Jordan
213977,Hadi Al Hourani,Hadi Omar Ahmed,Al Hourani,Jordan,2000-03-14,,Jordan,25,185.0,79.0,False,https://media.api-sports.io/football/players/213977.png,2024,977,FUS Rabat,200.0,Botola Pro,Morocco,Defender,0.0,0.0,0.0,,False,0.0,0.0,0.0,,,0.0,,,,,,,,,,,,,,,,,0.0,0.0,0.0,,,,,,1548,Jordan
213977,Hadi Al Hourani,Hadi Omar Ahmed,Al Hourani,Jordan,2000-03-14,,Jordan,25,185.0,79.0,False,https://media.api-sports.io/football/players/213977.png,2025,1548,Jordan,10.0,Friendlies,World,Defender,1.0,1.0,,,False,0.0,1.0,5.0,,,0.0,0.0,0.0,,,,,,,,,,,,,,,0.0,0.0,0.0,,,0.0,0.0,,1548,Jordan
123530,Mahmoud Al Mardi,Mahmoud Nayef Ahmad,Al Mardi,Jordan,1993-10-06,Aqaba,Jordan,32,179.0,73.0,False,https://media.api-sports.io/football/players/123530.png,2014,10938,Jordan U23,803.0,Asian Games,World,Attacker,4.0,1.0,128.0,,False,3.0,0.0,3.0,,,1.0,,,,,,,,,,,,,,,,,1.0,0.0,0.0,,,,,,1548,Jordan
123530,Mahmoud Al Mardi,Mahmoud Nayef Ahmad,Al Mardi,Jordan,1993-10-06,Aqaba,Jordan,32,179.0,73.0,False,https://media.api-sports.io/football/players/123530.png,2016,1548,Jordan,,Friendlies,,Attacker,2.0,1.0,126.0,,False,1.0,0.0,0.0,,,0.0,,,,,,,,,,,,,,,,,0.0,0.0,0.0,,,,,,1548,Jordan
123530,Mahmoud Al Mardi,Mahmoud Nayef Ahmad,Al Mardi,Jordan,1993-10-06,Aqaba,Jordan,32,179.0,73.0,False,https://media.api-sports.io/football/players/123530.png,2016,10938,Jordan U23,,AFC U23 Asian Cup,,Attacker,4.0,3.0,280.0,,False,1.0,3.0,1.0,,,0.0,,,,,,,,,,,,,,,,,0.0,0.0,0.0,,,,,,1548,Jordan
123530,Mahmoud Al Mardi,Mahmoud Nayef Ahmad,Al Mardi,Jordan,1993-10-06,Aqaba,Jordan,32,179.0,73.0,False,https://media.api-sports.io/football/players/123530.png,2017,4529,Al Ahli,18.0,AFC Cup,World,Attacker,6.0,5.0,461.0,,False,1.0,1.0,1.0,,,0.0,,,,,,,,,,,,,,,,,0.0,0.0,0.0,,,,,,1548,Jordan
123530,Mahmoud Al Mardi,Mahmoud Nayef Ahmad,Al Mardi,Jordan,1993-10-06,Aqaba,Jordan,32,179.0,73.0,False,https://media.api-sports.io/football/players/123530.png,2017,3532,Al Arabi,330.0,Premier League,Kuwait,Attacker,0.0,,,,False,,,,,,2.0,,,,,,,,,,,,,,,,,,,,,,,,,1548,Jordan
123530,Mahmoud Al Mardi,Mahmoud Nayef Ahmad,Al Mardi,Jordan,1993-10-06,Aqaba,Jordan,32,179.0,73.0,False,https://media.api-sports.io/football/players/123530.png,2017,1548,Jordan,10.0,Friendlies,World,Attacker,0.0,0.0,0.0,,False,0.0,0.0,0.0,,,0.0,,,,,,,,,,,,,,,,,0.0,0.0,0.0,,,,,,1548,Jordan
123530,Mahmoud Al Mardi,Mahmoud Nayef Ahmad,Al Mardi,Jordan,1993-10-06,Aqaba,Jordan,32,179.0,73.0,False,https://media.api-sports.io/football/players/123530.png,2018,4531,Al Faisaly,18.0,AFC Cup,World,Attacker,6.0,4.0,262.0,,False,2.0,4.0,3.0,,,0.0,,,,,,,,,,,,,,,,,0.0,0.0,0.0,,,,,,1548,Jordan
123530,Mahmoud Al Mardi,Mahmoud Nayef Ahmad,Al Mardi,Jordan,1993-10-06,Aqaba,Jordan,32,179.0,73.0,False,https://media.api-sports.io/football/players/123530.png,2018,4531,Al Faisaly,17.0,AFC Champions League,World,Attacker,1.0,1.0,90.0,7.2,False,0.0,0.0,0.0,5.0,4.0,0.0,,,,27.0,2.0,77.0,,,1.0,14.0,6.0,7.0,5.0,,1.0,1.0,0.0,0.0,0.0,,,0.0,0.0,,1548,Jordan
123530,Mahmoud Al Mardi,Mahmoud Nayef Ahmad,Al Mardi,Jordan,1993-10-06,Aqaba,Jordan,32,179.0,73.0,False,https://media.api-sports.io/football/players/123530.png,2018,4533,Al Jazeera,18.0,AFC Cup,World,Attacker,2.0,2.0,151.0,,False,0.0,2.0,0.0,,,0.0,,,,,,,,,,,,,,,,,1.0,0.0,0.0,,,,,,1548,Jordan
123530,Mahmoud Al Mardi,Mahmoud Nayef Ahmad,Al Mardi,Jordan,1993-10-06,Aqaba,Jordan,32,179.0,73.0,False,https://media.api-sports.io/football/players/123530.png,2018,1548,Jordan,30.0,World Cup - Qualification Asia,World,Attacker,2.0,1.0,96.0,,False,1.0,0.0,2.0,,,0.0,,,,,,,,,,,,,,,,,0.0,0.0,0.0,,,,,,1548,Jordan
123530,Mahmoud Al Mardi,Mahmoud Nayef Ahmad,Al Mardi,Jordan,1993-10-06,Aqaba,Jordan,32,179.0,73.0,False,https://media.api-sports.io/football/players/123530.png,2018,1548,Jordan,10.0,Friendlies,World,Attacker,3.0,2.0,166.0,,False,1.0,2.0,0.0,,,0.0,,,,,,,,,,,,,,,,,1.0,0.0,0.0,,,,,,1548,Jordan
123530,Mahmoud Al Mardi,Mahmoud Nayef Ahmad,Al Mardi,Jordan,1993-10-06,Aqaba,Jordan,32,179.0,73.0,False,https://media.api-sports.io/football/players/123530.png,2019,4533,Al Jazeera,507.0,Cup,South-Africa,Attacker,0.0,0.0,0.0,,False,0.0,0.0,0.0,,,0.0,,,,,,,,,,,,,,,,,0.0,0.0,0.0,,,,,,1548,Jordan
123530,Mahmoud Al Mardi,Mahmoud Nayef Ahmad,Al Mardi,Jordan,1993-10-06,Aqaba,Jordan,32,179.0,73.0,False,https://media.api-sports.io/football/players/123530.png,2019,4533,Al Jazeera,18.0,AFC Cup,World,Attacker,10.0,8.0,707.0,,False,2.0,5.0,2.0,,,2.0,,,,,,,,,,,,,,,,,2.0,0.0,0.0,,,,,,1548,Jordan
123530,Mahmoud Al Mardi,Mahmoud Nayef Ahmad,Al Mardi,Jordan,1993-10-06,Aqaba,Jordan,32,179.0,73.0,False,https://media.api-sports.io/football/players/123530.png,2019,1548,Jordan,35.0,Asian Cup - Qualification,World,Attacker,3.0,1.0,96.0,,False,2.0,1.0,4.0,,,0.0,,,,,,,,,,,,,,,,,0.0,0.0,0.0,,,,,,1548,Jordan
123530,Mahmoud Al Mardi,Mahmoud Nayef Ahmad,Al Mardi,Jordan,1993-10-06,Aqaba,Jordan,32,179.0,73.0,False,https://media.api-sports.io/football/players/123530.png,2020,4533,Al Jazeera,18.0,AFC Cup,World,Attacker,2.0,2.0,180.0,,False,0.0,0.0,0.0,,,0.0,,,,,,,,,,,,,,,,,0.0,0.0,0.0,,,,,,1548,Jordan
123530,Mahmoud Al Mardi,Mahmoud Nayef Ahmad,Al Mardi,Jordan,1993-10-06,Aqaba,Jordan,32,179.0,73.0,False,https://media.api-sports.io/football/players/123530.png,2021,4535,Al Salt,18.0,AFC Cup,World,Attacker,3.0,3.0,217.0,,False,0.0,3.0,0.0,,,0.0,,,,,,,,,,,,,,,,,1.0,0.0,0.0,,,,,,1548,Jordan
123530,Mahmoud Al Mardi,Mahmoud Nayef Ahmad,Al Mardi,Jordan,1993-10-06,Aqaba,Jordan,32,179.0,73.0,False,https://media.api-sports.io/football/players/123530.png,2021,1548,Jordan,10.0,Friendlies,World,Attacker,2.0,2.0,119.0,,False,0.0,2.0,0.0,,,0.0,,,,,,,,,,,,,,,,,0.0,0.0,0.0,,,,,,1548,Jordan
123530,Mahmoud Al Mardi,Mahmoud Nayef Ahmad,Al Mardi,Jordan,1993-10-06,Aqaba,Jordan,32,179.0,73.0,False,https://media.api-sports.io/football/players/123530.png,2021,1548,Jordan,860.0,Arab Cup,World,Attacker,4.0,3.0,266.0,,False,1.0,3.0,1.0,,,1.0,,,,,,,,,,,,,,,,,0.0,0.0,0.0,,,,,,1548,Jordan
123530,Mahmoud Al Mardi,Mahmoud Nayef Ahmad,Al Mardi,Jordan,1993-10-06,Aqaba,Jordan,32,179.0,73.0,False,https://media.api-sports.io/football/players/123530.png,2021,5488,Muharraq,417.0,Premier League,Bahrain,Attacker,0.0,,,,False,,,,,,2.0,,,,,,,,,,,,,,,,,,,,,,,,,1548,Jordan
123530,Mahmoud Al Mardi,Mahmoud Nayef Ahmad,Al Mardi,Jordan,1993-10-06,Aqaba,Jordan,32,179.0,73.0,False,https://media.api-sports.io/football/players/123530.png,2021,5488,Muharraq,18.0,AFC Cup,World,Attacker,3.0,3.0,269.0,,False,0.0,3.0,0.0,,,2.0,,,,,,,,,,,,,,,,,1.0,0.0,0.0,,,,,,1548,Jordan
123530,Mahmoud Al Mardi,Mahmoud Nayef Ahmad,Al Mardi,Jordan,1993-10-06,Aqaba,Jordan,32,179.0,73.0,False,https://media.api-sports.io/football/players/123530.png,2022,3537,Al Qadsia,330.0,Premier League,Kuwait,Attacker,0.0,,,,False,,,,,,3.0,,,,,,,,,,,,,,,,,,,,,,,,,1548,Jordan
123530,Mahmoud Al Mardi,Mahmoud Nayef Ahmad,Al Mardi,Jordan,1993-10-06,Aqaba,Jordan,32,179.0,73.0,False,https://media.api-sports.io/football/players/123530.png,2022,1548,Jordan,35.0,Asian Cup - Qualification,World,Attacker,3.0,1.0,120.0,,False,2.0,1.0,2.0,,,1.0,,,,,,,,,,,,,,,,,0.0,0.0,0.0,,,,,,1548,Jordan
123530,Mahmoud Al Mardi,Mahmoud Nayef Ahmad,Al Mardi,Jordan,1993-10-06,Aqaba,Jordan,32,179.0,73.0,False,https://media.api-sports.io/football/players/123530.png,2022,1548,Jordan,10.0,Friendlies,World,Attacker,4.0,3.0,187.0,,False,1.0,3.0,1.0,,,0.0,,,,,,,,,,,,,,,,,0.0,0.0,0.0,,,,,,1548,Jordan
123530,Mahmoud Al Mardi,Mahmoud Nayef Ahmad,Al Mardi,Jordan,1993-10-06,Aqaba,Jordan,32,179.0,73.0,False,https://media.api-sports.io/football/players/123530.png,2022,2527,Kedah,278.0,Super League,Malaysia,Attacker,12.0,12.0,1080.0,,False,0.0,0.0,0.0,,,5.0,,,,,,,,,,,,,,,,,4.0,0.0,0.0,,,,,,1548,Jordan
123530,Mahmoud Al Mardi,Mahmoud Nayef Ahmad,Al Mardi,Jordan,1993-10-06,Aqaba,Jordan,32,179.0,73.0,False,https://media.api-sports.io/football/players/123530.png,2022,2527,Kedah,500.0,FA Cup,Malaysia,Attacker,1.0,1.0,90.0,,False,0.0,0.0,0.0,,,0.0,,,,,,,,,,,,,,,,,0.0,0.0,0.0,,,,,,1548,Jordan
123530,Mahmoud Al Mardi,Mahmoud Nayef Ahmad,Al Mardi,Jordan,1993-10-06,Aqaba,Jordan,32,179.0,73.0,False,https://media.api-sports.io/football/players/123530.png,2022,2527,Kedah,18.0,AFC Cup,World,Attacker,4.0,4.0,360.0,,False,0.0,0.0,0.0,,,4.0,,,,,,,,,,,,,,,,,0.0,0.0,0.0,,,,,,1548,Jordan
123530,Mahmoud Al Mardi,Mahmoud Nayef Ahmad,Al Mardi,Jordan,1993-10-06,Aqaba,Jordan,32,179.0,73.0,False,https://media.api-sports.io/football/players/123530.png,2023,3537,Al Qadsia,330.0,Premier League,Kuwait,Attacker,,,,,False,,,,,,,,,,,,,,,,,,,,,,,,,,,,,,,1548,Jordan
123530,Mahmoud Al Mardi,Mahmoud Nayef Ahmad,Al Mardi,Jordan,1993-10-06,Aqaba,Jordan,32,179.0,73.0,False,https://media.api-sports.io/football/players/123530.png,2023,1548,Jordan,7.0,Asian Cup,World,Attacker,6.0,6.0,448.0,7.05,False,0.0,,,9.0,3.0,2.0,0.0,,,131.0,5.0,,9.0,,4.0,62.0,26.0,12.0,5.0,,3.0,8.0,0.0,,0.0,,,0.0,0.0,,1548,Jordan
123530,Mahmoud Al Mardi,Mahmoud Nayef Ahmad,Al Mardi,Jordan,1993-10-06,Aqaba,Jordan,32,179.0,73.0,False,https://media.api-sports.io/football/players/123530.png,2023,1548,Jordan,,Asian Cup Qualification,,Attacker,3.0,1.0,120.0,,False,2.0,1.0,2.0,,,1.0,,,,,,,,,,,,,,,,,0.0,0.0,0.0,,,,,,1548,Jordan
123530,Mahmoud Al Mardi,Mahmoud Nayef Ahmad,Al Mardi,Jordan,1993-10-06,Aqaba,Jordan,32,179.0,73.0,False,https://media.api-sports.io/football/players/123530.png,2023,1548,Jordan,10.0,Friendlies,World,Attacker,5.0,4.0,357.0,,False,1.0,4.0,0.0,,,2.0,,,,,,,,,,,,,,,,,0.0,0.0,0.0,,,,,,1548,Jordan
123530,Mahmoud Al Mardi,Mahmoud Nayef Ahmad,Al Mardi,Jordan,1993-10-06,Aqaba,Jordan,32,179.0,73.0,False,https://media.api-sports.io/football/players/123530.png,2024,4532,Al Hussein,387.0,League,Jordan,Attacker,,,,,False,,,,,,,,,,,,,,,,,,,,,,,,,,,,,,,1548,Jordan
123530,Mahmoud Al Mardi,Mahmoud Nayef Ahmad,Al Mardi,Jordan,1993-10-06,Aqaba,Jordan,32,179.0,73.0,False,https://media.api-sports.io/football/players/123530.png,2024,4532,Al Hussein,18.0,AFC Cup,World,Attacker,5.0,5.0,408.0,7.0,False,0.0,,,10.0,5.0,2.0,0.0,2.0,,147.0,2.0,,2.0,,2.0,51.0,18.0,17.0,7.0,,5.0,9.0,0.0,,0.0,,,0.0,0.0,,1548,Jordan
123530,Mahmoud Al Mardi,Mahmoud Nayef Ahmad,Al Mardi,Jordan,1993-10-06,Aqaba,Jordan,32,179.0,73.0,False,https://media.api-sports.io/football/players/123530.png,2024,1548,Jordan,10.0,Friendlies,World,Attacker,1.0,1.0,70.0,,False,0.0,1.0,0.0,,,0.0,,,,,,,,,,,,,,,,,0.0,0.0,0.0,,,,,,1548,Jordan
123530,Mahmoud Al Mardi,Mahmoud Nayef Ahmad,Al Mardi,Jordan,1993-10-06,Aqaba,Jordan,32,179.0,73.0,False,https://media.api-sports.io/football/players/123530.png,2025,2867,Dibba Al-Fujairah,,League Cup,,Attacker,,,,,False,,,,,,,,,,,,,,,,,,,,,,,,,,,,,,,1548,Jordan
123530,Mahmoud Al Mardi,Mahmoud Nayef Ahmad,Al Mardi,Jordan,1993-10-06,Aqaba,Jordan,32,179.0,73.0,False,https://media.api-sports.io/football/players/123530.png,2025,2867,Dibba Al-Fujairah,301.0,Pro League,United-Arab-Emirates,Attacker,8.0,5.0,77.0,6.25,False,3.0,3.0,3.0,,,0.0,0.0,0.0,,16.0,1.0,,3.0,,,17.0,5.0,7.0,,,,,0.0,0.0,0.0,,,0.0,0.0,,1548,Jordan
123530,Mahmoud Al Mardi,Mahmoud Nayef Ahmad,Al Mardi,Jordan,1993-10-06,Aqaba,Jordan,32,179.0,73.0,False,https://media.api-sports.io/football/players/123530.png,2025,1548,Jordan,10.0,Friendlies,World,Attacker,3.0,0.0,26.0,6.7,False,3.0,0.0,3.0,1.0,,0.0,0.0,0.0,,10.0,,,,,,,,,,,,,0.0,0.0,0.0,,,0.0,0.0,,1548,Jordan
72142,Mohammed Abu Zurayq,Mohammed,Abu Zurayq,Jordan,1997-12-30,Al Ramtha,Jordan,28,168.0,71.0,False,https://media.api-sports.io/football/players/72142.png,2019,2898,Al-Sailiya,305.0,Stars League,Qatar,Attacker,11.0,10.0,856.0,,False,1.0,7.0,1.0,,,2.0,,,,,,,,,,,,,,,,,3.0,0.0,0.0,,,,,,1548,Jordan
72142,Mohammed Abu Zurayq,Mohammed,Abu Zurayq,Jordan,1997-12-30,Al Ramtha,Jordan,28,168.0,71.0,False,https://media.api-sports.io/football/players/72142.png,2019,1548,Jordan,,WAFF Championship,,Attacker,2.0,0.0,46.0,,False,2.0,0.0,3.0,,,0.0,,,,,,,,,,,,,,,,,0.0,0.0,0.0,,,,,,1548,Jordan
72142,Mohammed Abu Zurayq,Mohammed,Abu Zurayq,Jordan,1997-12-30,Al Ramtha,Jordan,28,168.0,71.0,False,https://media.api-sports.io/football/players/72142.png,2019,1548,Jordan,10.0,Friendlies,World,Attacker,2.0,0.0,20.0,,False,2.0,0.0,2.0,,,0.0,,,,,,,,,,,,,,,,,0.0,0.0,0.0,,,,,,1548,Jordan
72142,Mohammed Abu Zurayq,Mohammed,Abu Zurayq,Jordan,1997-12-30,Al Ramtha,Jordan,28,168.0,71.0,False,https://media.api-sports.io/football/players/72142.png,2021,12424,Al Ahli Tripoli,20.0,CAF Confederation Cup,World,Attacker,9.0,5.0,391.0,6.5,False,4.0,5.0,4.0,1.0,1.0,0.0,0.0,,,11.0,,,,,,8.0,2.0,3.0,2.0,,,,0.0,0.0,0.0,,,0.0,0.0,,1548,Jordan
72142,Mohammed Abu Zurayq,Mohammed,Abu Zurayq,Jordan,1997-12-30,Al Ramtha,Jordan,28,168.0,71.0,False,https://media.api-sports.io/football/players/72142.png,2021,1548,Jordan,10.0,Friendlies,World,Attacker,1.0,1.0,55.0,,False,0.0,1.0,0.0,,,0.0,,,,,,,,,,,,,,,,,0.0,0.0,0.0,,,,,,1548,Jordan
72142,Mohammed Abu Zurayq,Mohammed,Abu Zurayq,Jordan,1997-12-30,Al Ramtha,Jordan,28,168.0,71.0,False,https://media.api-sports.io/football/players/72142.png,2021,1548,Jordan,860.0,Arab Cup,World,Attacker,3.0,2.0,164.0,,False,1.0,2.0,1.0,,,0.0,,,,,,,,,,,,,,,,,1.0,0.0,0.0,,,,,,1548,Jordan
72142,Mohammed Abu Zurayq,Mohammed,Abu Zurayq,Jordan,1997-12-30,Al Ramtha,Jordan,28,168.0,71.0,False,https://media.api-sports.io/football/players/72142.png,2022,980,ES Tunis,202.0,Ligue 1,Tunisia,Attacker,6.0,3.0,255.0,,False,3.0,3.0,0.0,,,2.0,,,,,,,,,,,,,,,,,0.0,0.0,0.0,,,,,,1548,Jordan
72142,Mohammed Abu Zurayq,Mohammed,Abu Zurayq,Jordan,1997-12-30,Al Ramtha,Jordan,28,168.0,71.0,False,https://media.api-sports.io/football/players/72142.png,2022,1548,Jordan,35.0,Asian Cup - Qualification,World,Attacker,3.0,1.0,81.0,,False,2.0,1.0,2.0,,,0.0,,,,,,,,,,,,,,,,,0.0,0.0,0.0,,,,,,1548,Jordan
72142,Mohammed Abu Zurayq,Mohammed,Abu Zurayq,Jordan,1997-12-30,Al Ramtha,Jordan,28,168.0,71.0,False,https://media.api-sports.io/football/players/72142.png,2022,1548,Jordan,30.0,World Cup - Qualification Asia,World,Attacker,0.0,0.0,0.0,,False,0.0,0.0,1.0,,,0.0,,,,,,,,,,,,,,,,,0.0,0.0,0.0,,,,,,1548,Jordan
72142,Mohammed Abu Zurayq,Mohammed,Abu Zurayq,Jordan,1997-12-30,Al Ramtha,Jordan,28,168.0,71.0,False,https://media.api-sports.io/football/players/72142.png,2022,1548,Jordan,10.0,Friendlies,World,Attacker,4.0,1.0,145.0,,False,3.0,1.0,1.0,,,1.0,,,,,,,,,,,,,,,,,1.0,0.0,0.0,,,,,,1548,Jordan
72142,Mohammed Abu Zurayq,Mohammed,Abu Zurayq,Jordan,1997-12-30,Al Ramtha,Jordan,28,168.0,71.0,False,https://media.api-sports.io/football/players/72142.png,2023,980,ES Tunis,202.0,Ligue 1,Tunisia,Attacker,1.0,0.0,24.0,,False,1.0,0.0,0.0,,,0.0,,,,,,,,,,,,,,,,,0.0,0.0,0.0,,,,,,1548,Jordan
72142,Mohammed Abu Zurayq,Mohammed,Abu Zurayq,Jordan,1997-12-30,Al Ramtha,Jordan,28,168.0,71.0,False,https://media.api-sports.io/football/players/72142.png,2023,980,ES Tunis,12.0,CAF Champions League,World,Attacker,0.0,0.0,0.0,,False,0.0,0.0,0.0,,,0.0,,,,,,,,,,,,,,,,,0.0,0.0,0.0,,,,,,1548,Jordan
72142,Mohammed Abu Zurayq,Mohammed,Abu Zurayq,Jordan,1997-12-30,Al Ramtha,Jordan,28,168.0,71.0,False,https://media.api-sports.io/football/players/72142.png,2023,980,ES Tunis,768.0,Arab Club Champions Cup,World,Attacker,3.0,1.0,135.0,6.933333,False,2.0,1.0,2.0,4.0,2.0,0.0,0.0,,,65.0,3.0,,6.0,,,25.0,12.0,10.0,5.0,,1.0,1.0,0.0,0.0,0.0,,,0.0,0.0,,1548,Jordan
72142,Mohammed Abu Zurayq,Mohammed,Abu Zurayq,Jordan,1997-12-30,Al Ramtha,Jordan,28,168.0,71.0,False,https://media.api-sports.io/football/players/72142.png,2023,1548,Jordan,,Asian Cup Qualification,,Attacker,3.0,1.0,81.0,,False,2.0,1.0,2.0,,,0.0,,,,,,,,,,,,,,,,,0.0,0.0,0.0,,,,,,1548,Jordan
72142,Mohammed Abu Zurayq,Mohammed,Abu Zurayq,Jordan,1997-12-30,Al Ramtha,Jordan,28,168.0,71.0,False,https://media.api-sports.io/football/players/72142.png,2023,1548,Jordan,7.0,Asian Cup,World,Attacker,0.0,0.0,0.0,,False,0.0,0.0,4.0,,,0.0,0.0,,,,,,,,,,,,,,,,0.0,0.0,0.0,,,0.0,0.0,,1548,Jordan
72142,Mohammed Abu Zurayq,Mohammed,Abu Zurayq,Jordan,1997-12-30,Al Ramtha,Jordan,28,168.0,71.0,False,https://media.api-sports.io/football/players/72142.png,2023,1548,Jordan,10.0,Friendlies,World,Attacker,0.0,0.0,0.0,,False,0.0,0.0,0.0,,,0.0,,,,,,,,,,,,,,,,,0.0,0.0,0.0,,,,,,1548,Jordan
72142,Mohammed Abu Zurayq,Mohammed,Abu Zurayq,Jordan,1997-12-30,Al Ramtha,Jordan,28,168.0,71.0,False,https://media.api-sports.io/football/players/72142.png,2024,4532,Al Hussein,387.0,League,Jordan,Attacker,,,,,False,,,,,,,,,,,,,,,,,,,,,,,,,,,,,,,1548,Jordan
72142,Mohammed Abu Zurayq,Mohammed,Abu Zurayq,Jordan,1997-12-30,Al Ramtha,Jordan,28,168.0,71.0,False,https://media.api-sports.io/football/players/72142.png,2024,4532,Al Hussein,18.0,AFC Cup,World,Attacker,2.0,1.0,88.0,6.2,False,1.0,1.0,1.0,2.0,1.0,0.0,0.0,0.0,,19.0,,,,,1.0,9.0,2.0,3.0,,,1.0,1.0,0.0,0.0,0.0,,,0.0,0.0,,1548,Jordan
72142,Mohammed Abu Zurayq,Mohammed,Abu Zurayq,Jordan,1997-12-30,Al Ramtha,Jordan,28,168.0,71.0,False,https://media.api-sports.io/football/players/72142.png,2024,5242,Al Shorta,542.0,Iraqi League,Iraq,Attacker,0.0,,,,False,,,,,,1.0,,,,,,,,,,,,,,,,,,,,,,,,,1548,Jordan
72142,Mohammed Abu Zurayq,Mohammed,Abu Zurayq,Jordan,1997-12-30,Al Ramtha,Jordan,28,168.0,71.0,False,https://media.api-sports.io/football/players/72142.png,2024,5242,Al Shorta,17.0,AFC Champions League,World,Attacker,1.0,0.0,13.0,6.9,False,1.0,0.0,5.0,2.0,1.0,0.0,0.0,0.0,,9.0,,,1.0,,,7.0,3.0,3.0,2.0,,,,0.0,0.0,0.0,,,0.0,0.0,,1548,Jordan
72142,Mohammed Abu Zurayq,Mohammed,Abu Zurayq,Jordan,1997-12-30,Al Ramtha,Jordan,28,168.0,71.0,False,https://media.api-sports.io/football/players/72142.png,2024,1548,Jordan,10.0,Friendlies,World,Attacker,0.0,0.0,0.0,,False,0.0,0.0,1.0,,,0.0,,,,,,,,,,,,,,,,,0.0,0.0,0.0,,,,,,1548,Jordan
72142,Mohammed Abu Zurayq,Mohammed,Abu Zurayq,Jordan,1997-12-30,Al Ramtha,Jordan,28,168.0,71.0,False,https://media.api-sports.io/football/players/72142.png,2025,1548,Jordan,10.0,Friendlies,World,Attacker,3.0,1.0,,,False,2.0,1.0,5.0,,,0.0,0.0,0.0,,,,,,,,,,,,,,,0.0,0.0,0.0,,,0.0,0.0,,1548,Jordan
310785,Mohannad Abu Taha,Mohannad Mahmoud Saleh,Abu Taha,Jordan,2003-02-02,Amman,Jordan,22,176.0,76.0,False,https://media.api-sports.io/football/players/310785.png,2021,4537,Al Wihdat,17.0,AFC Champions League,World,Defender,0.0,0.0,0.0,,False,0.0,0.0,4.0,,,0.0,0.0,,,,,,,,,,,,,,,,0.0,0.0,0.0,,,0.0,0.0,,1548,Jordan
310785,Mohannad Abu Taha,Mohannad Mahmoud Saleh,Abu Taha,Jordan,2003-02-02,Amman,Jordan,22,176.0,76.0,False,https://media.api-sports.io/football/players/310785.png,2022,4537,Al Wihdat,17.0,AFC Champions League,World,Defender,2.0,0.0,23.0,6.75,False,2.0,0.0,2.0,1.0,1.0,1.0,0.0,,,16.0,,,,,,5.0,1.0,1.0,1.0,,,1.0,0.0,0.0,0.0,,,0.0,0.0,,1548,Jordan
310785,Mohannad Abu Taha,Mohannad Mahmoud Saleh,Abu Taha,Jordan,2003-02-02,Amman,Jordan,22,176.0,76.0,False,https://media.api-sports.io/football/players/310785.png,2022,10938,Jordan U23,532.0,AFC U23 Asian Cup,World,Defender,3.0,3.0,270.0,,False,0.0,0.0,0.0,,,0.0,,,,,,,,,,,,,,,,,0.0,0.0,0.0,,,,,,1548,Jordan
310785,Mohannad Abu Taha,Mohannad Mahmoud Saleh,Abu Taha,Jordan,2003-02-02,Amman,Jordan,22,176.0,76.0,False,https://media.api-sports.io/football/players/310785.png,2023,4537,Al Wihdat,387.0,League,Jordan,Defender,,,,,False,,,,,,,,,,,,,,,,,,,,,,,,,,,,,,,1548,Jordan
310785,Mohannad Abu Taha,Mohannad Mahmoud Saleh,Abu Taha,Jordan,2003-02-02,Amman,Jordan,22,176.0,76.0,False,https://media.api-sports.io/football/players/310785.png,2023,4537,Al Wihdat,17.0,AFC Champions League,World,Defender,16.0,15.0,1363.0,6.94375,False,1.0,,,15.0,7.0,2.0,0.0,5.0,,422.0,11.0,,45.0,1.0,18.0,189.0,88.0,30.0,16.0,,17.0,30.0,2.0,,0.0,,,0.0,0.0,,1548,Jordan
310785,Mohannad Abu Taha,Mohannad Mahmoud Saleh,Abu Taha,Jordan,2003-02-02,Amman,Jordan,22,176.0,76.0,False,https://media.api-sports.io/football/players/310785.png,2023,4537,Al Wihdat,18.0,AFC Cup,World,Defender,6.0,6.0,523.0,,False,0.0,3.0,0.0,,,1.0,,,,,,,,,,,,,,,,,0.0,0.0,0.0,,,,,,1548,Jordan
310785,Mohannad Abu Taha,Mohannad Mahmoud Saleh,Abu Taha,Jordan,2003-02-02,Amman,Jordan,22,176.0,76.0,False,https://media.api-sports.io/football/players/310785.png,2023,1548,Jordan,7.0,Asian Cup,World,Defender,0.0,0.0,0.0,,False,0.0,0.0,1.0,,,0.0,0.0,,,,,,,,,,,,,,,,0.0,0.0,0.0,,,0.0,0.0,,1548,Jordan
310785,Mohannad Abu Taha,Mohannad Mahmoud Saleh,Abu Taha,Jordan,2003-02-02,Amman,Jordan,22,176.0,76.0,False,https://media.api-sports.io/football/players/310785.png,2023,1548,Jordan,10.0,Friendlies,World,Defender,0.0,0.0,0.0,,False,0.0,0.0,0.0,,,0.0,,,,,,,,,,,,,,,,,0.0,0.0,0.0,,,,,,1548,Jordan
310785,Mohannad Abu Taha,Mohannad Mahmoud Saleh,Abu Taha,Jordan,2003-02-02,Amman,Jordan,22,176.0,76.0,False,https://media.api-sports.io/football/players/310785.png,2023,19627,Jordan U20,965.0,AFC U20 Asian Cup,World,Defender,16.0,15.0,1363.0,6.94375,False,1.0,,,15.0,7.0,2.0,0.0,5.0,,422.0,11.0,,45.0,1.0,18.0,189.0,88.0,30.0,16.0,,17.0,30.0,2.0,,0.0,,,0.0,0.0,,1548,Jordan
310785,Mohannad Abu Taha,Mohannad Mahmoud Saleh,Abu Taha,Jordan,2003-02-02,Amman,Jordan,22,176.0,76.0,False,https://media.api-sports.io/football/players/310785.png,2024,2961,Al Orubah,307.0,Pro League,Saudi-Arabia,Defender,16.0,15.0,1363.0,6.94375,False,1.0,,,15.0,7.0,2.0,0.0,5.0,,422.0,11.0,,45.0,1.0,18.0,189.0,88.0,30.0,16.0,,17.0,30.0,2.0,,0.0,,,0.0,0.0,,1548,Jordan
310785,Mohannad Abu Taha,Mohannad Mahmoud Saleh,Abu Taha,Jordan,2003-02-02,Amman,Jordan,22,176.0,76.0,False,https://media.api-sports.io/football/players/310785.png,2024,4537,Al Wihdat,387.0,League,Jordan,Defender,,,,,False,,,,,,,,,,,,,,,,,,,,,,,,,,,,,,,1548,Jordan
310785,Mohannad Abu Taha,Mohannad Mahmoud Saleh,Abu Taha,Jordan,2003-02-02,Amman,Jordan,22,176.0,76.0,False,https://media.api-sports.io/football/players/310785.png,2024,1548,Jordan,10.0,Friendlies,World,Defender,0.0,0.0,0.0,,False,0.0,0.0,1.0,,,0.0,,,,,,,,,,,,,,,,,0.0,0.0,0.0,,,,,,1548,Jordan
310785,Mohannad Abu Taha,Mohannad Mahmoud Saleh,Abu Taha,Jordan,2003-02-02,Amman,Jordan,22,176.0,76.0,False,https://media.api-sports.io/football/players/310785.png,2024,10938,Jordan U23,532.0,AFC U23 Asian Cup,World,Defender,3.0,3.0,270.0,,False,0.0,0.0,0.0,,,0.0,,,,,,,,,,,,,,,,,1.0,0.0,0.0,,,,,,1548,Jordan
310785,Mohannad Abu Taha,Mohannad Mahmoud Saleh,Abu Taha,Jordan,2003-02-02,Amman,Jordan,22,176.0,76.0,False,https://media.api-sports.io/football/players/310785.png,2025,1548,Jordan,10.0,Friendlies,World,Midfielder,3.0,3.0,68.0,6.9,False,0.0,2.0,0.0,,,0.0,0.0,0.0,,30.0,1.0,,2.0,,4.0,7.0,4.0,3.0,1.0,,,,1.0,1.0,0.0,,,0.0,0.0,,1548,Jordan
213980,Nizar Al Rashdan,Nizar Mahmoud Ahmed,Al Rashdan,Jordan,1999-03-23,Irbid,Jordan,26,183.0,74.0,False,https://media.api-sports.io/football/players/213980.png,2020,10938,Jordan U23,532.0,AFC U23 Asian Cup,World,Midfielder,0.0,0.0,0.0,,False,0.0,0.0,4.0,,,0.0,,,,,,,,,,,,,,,,,0.0,0.0,0.0,,,,,,1548,Jordan
213980,Nizar Al Rashdan,Nizar Mahmoud Ahmed,Al Rashdan,Jordan,1999-03-23,Irbid,Jordan,26,183.0,74.0,False,https://media.api-sports.io/football/players/213980.png,2021,4531,Al Faisaly,18.0,AFC Cup,World,Midfielder,3.0,3.0,261.0,,False,0.0,1.0,0.0,,,0.0,,,,,,,,,,,,,,,,,1.0,0.0,0.0,,,,,,1548,Jordan
213980,Nizar Al Rashdan,Nizar Mahmoud Ahmed,Al Rashdan,Jordan,1999-03-23,Irbid,Jordan,26,183.0,74.0,False,https://media.api-sports.io/football/players/213980.png,2021,1548,Jordan,10.0,Friendlies,World,Midfielder,1.0,1.0,46.0,,False,0.0,1.0,0.0,,,0.0,,,,,,,,,,,,,,,,,0.0,0.0,0.0,,,,,,1548,Jordan
213980,Nizar Al Rashdan,Nizar Mahmoud Ahmed,Al Rashdan,Jordan,1999-03-23,Irbid,Jordan,26,183.0,74.0,False,https://media.api-sports.io/football/players/213980.png,2022,1548,Jordan,10.0,Friendlies,World,Midfielder,0.0,0.0,0.0,,False,0.0,0.0,0.0,,,0.0,,,,,,,,,,,,,,,,,0.0,0.0,0.0,,,,,,1548,Jordan
213980,Nizar Al Rashdan,Nizar Mahmoud Ahmed,Al Rashdan,Jordan,1999-03-23,Irbid,Jordan,26,183.0,74.0,False,https://media.api-sports.io/football/players/213980.png,2022,10938,Jordan U23,532.0,AFC U23 Asian Cup,World,Midfielder,3.0,2.0,192.0,,False,1.0,1.0,1.0,,,0.0,,,,,,,,,,,,,,,,,1.0,0.0,0.0,,,,,,1548,Jordan
213980,Nizar Al Rashdan,Nizar Mahmoud Ahmed,Al Rashdan,Jordan,1999-03-23,Irbid,Jordan,26,183.0,74.0,False,https://media.api-sports.io/football/players/213980.png,2022,6689,Newroz,542.0,Iraqi League,Iraq,Midfielder,0.0,,,,False,,,,,,1.0,,,,,,,,,,,,,,,,,,,,,,,,,1548,Jordan
213980,Nizar Al Rashdan,Nizar Mahmoud Ahmed,Al Rashdan,Jordan,1999-03-23,Irbid,Jordan,26,183.0,74.0,False,https://media.api-sports.io/football/players/213980.png,2023,4531,Al Faisaly,387.0,League,Jordan,Midfielder,,,,,False,,,,,,,,,,,,,,,,,,,,,,,,,,,,,,,1548,Jordan
213980,Nizar Al Rashdan,Nizar Mahmoud Ahmed,Al Rashdan,Jordan,1999-03-23,Irbid,Jordan,26,183.0,74.0,False,https://media.api-sports.io/football/players/213980.png,2023,4531,Al Faisaly,17.0,AFC Champions League,World,Midfielder,5.0,4.0,292.0,,False,1.0,3.0,1.0,,,0.0,,,,,,,,,,,,,,,,,2.0,1.0,0.0,,,,,,1548,Jordan
213980,Nizar Al Rashdan,Nizar Mahmoud Ahmed,Al Rashdan,Jordan,1999-03-23,Irbid,Jordan,26,183.0,74.0,False,https://media.api-sports.io/football/players/213980.png,2023,2868,Emirates Club,301.0,Pro League,United-Arab-Emirates,Midfielder,13.0,13.0,1102.0,6.881818,False,0.0,4.0,0.0,19.0,7.0,1.0,0.0,0.0,,361.0,13.0,,21.0,1.0,14.0,152.0,71.0,41.0,19.0,,14.0,17.0,0.0,0.0,0.0,,,0.0,0.0,,1548,Jordan
213980,Nizar Al Rashdan,Nizar Mahmoud Ahmed,Al Rashdan,Jordan,1999-03-23,Irbid,Jordan,26,183.0,74.0,False,https://media.api-sports.io/football/players/213980.png,2023,1548,Jordan,7.0,Asian Cup,World,Midfielder,5.0,5.0,421.0,7.02,False,0.0,3.0,1.0,5.0,2.0,1.0,0.0,1.0,,157.0,8.0,,17.0,1.0,9.0,60.0,31.0,4.0,2.0,,3.0,4.0,2.0,0.0,0.0,,,0.0,0.0,,1548,Jordan
213980,Nizar Al Rashdan,Nizar Mahmoud Ahmed,Al Rashdan,Jordan,1999-03-23,Irbid,Jordan,26,183.0,74.0,False,https://media.api-sports.io/football/players/213980.png,2023,1548,Jordan,10.0,Friendlies,World,Midfielder,5.0,3.0,296.0,,False,2.0,1.0,1.0,,,1.0,,,,,,,,,,,,,,,,,0.0,0.0,0.0,,,,,,1548,Jordan
213980,Nizar Al Rashdan,Nizar Mahmoud Ahmed,Al Rashdan,Jordan,1999-03-23,Irbid,Jordan,26,183.0,74.0,False,https://media.api-sports.io/football/players/213980.png,2024,4531,Al Faisaly,387.0,League,Jordan,Midfielder,,,,,False,,,,,,,,,,,,,,,,,,,,,,,,,,,,,,,1548,Jordan
213980,Nizar Al Rashdan,Nizar Mahmoud Ahmed,Al Rashdan,Jordan,1999-03-23,Irbid,Jordan,26,183.0,74.0,False,https://media.api-sports.io/football/players/213980.png,2024,1548,Jordan,10.0,Friendlies,World,Midfielder,1.0,1.0,70.0,,False,0.0,1.0,0.0,,,0.0,,,,,,,,,,,,,,,,,0.0,0.0,0.0,,,,,,1548,Jordan
213980,Nizar Al Rashdan,Nizar Mahmoud Ahmed,Al Rashdan,Jordan,1999-03-23,Irbid,Jordan,26,183.0,74.0,False,https://media.api-sports.io/football/players/213980.png,2024,17666,Khalidiya,417.0,Premier League,Bahrain,Midfielder,0.0,,,,False,,,,,,1.0,,,,,,,,,,,,,,,,,,,,,,,,,1548,Jordan
213980,Nizar Al Rashdan,Nizar Mahmoud Ahmed,Al Rashdan,Jordan,1999-03-23,Irbid,Jordan,26,183.0,74.0,False,https://media.api-sports.io/football/players/213980.png,2024,17666,Khalidiya,18.0,AFC Cup,World,Midfielder,7.0,5.0,507.0,6.76,False,2.0,2.0,2.0,1.0,,0.0,0.0,0.0,,190.0,1.0,,5.0,2.0,6.0,35.0,16.0,16.0,7.0,,2.0,2.0,0.0,0.0,0.0,,,0.0,0.0,,1548,Jordan
213980,Nizar Al Rashdan,Nizar Mahmoud Ahmed,Al Rashdan,Jordan,1999-03-23,Irbid,Jordan,26,183.0,74.0,False,https://media.api-sports.io/football/players/213980.png,2025,8010,Al Zawra'a,18.0,AFC Cup,World,Midfielder,5.0,5.0,342.0,7.05,False,0.0,4.0,0.0,9.0,6.0,0.0,0.0,0.0,,141.0,4.0,,13.0,1.0,5.0,45.0,28.0,4.0,3.0,,4.0,3.0,2.0,0.0,0.0,,,0.0,0.0,,1548,Jordan
213980,Nizar Al Rashdan,Nizar Mahmoud Ahmed,Al Rashdan,Jordan,1999-03-23,Irbid,Jordan,26,183.0,74.0,False,https://media.api-sports.io/football/players/213980.png,2025,1548,Jordan,10.0,Friendlies,World,Midfielder,3.0,3.0,90.0,7.9,False,0.0,2.0,2.0,2.0,2.0,0.0,0.0,0.0,,39.0,3.0,,1.0,,,9.0,6.0,2.0,2.0,,2.0,,0.0,0.0,0.0,,,0.0,0.0,,1548,Jordan
213980,Nizar Al Rashdan,Nizar Mahmoud Ahmed,Al Rashdan,Jordan,1999-03-23,Irbid,Jordan,26,183.0,74.0,False,https://media.api-sports.io/football/players/213980.png,2025,2907,Qatar SC,305.0,Stars League,Qatar,Midfielder,2.0,2.0,176.0,7.3,False,0.0,1.0,0.0,6.0,4.0,0.0,0.0,1.0,,75.0,1.0,,3.0,,2.0,21.0,11.0,4.0,2.0,,1.0,2.0,0.0,0.0,0.0,,,0.0,0.0,,1548,Jordan
163908,Noureddin Zaid,Noureddin Zaid,Khaleel Bani Ateyah,Jordan,1993-01-25,Amman,Jordan,32,,,False,https://media.api-sports.io/football/players/163908.png,2016,4531,Al Faisaly,,AFC Champions League Two,,Goalkeeper,0.0,0.0,0.0,,False,0.0,0.0,3.0,,,0.0,,,,,,,,,,,,,,,,,0.0,0.0,0.0,,,,,,1548,Jordan
163908,Noureddin Zaid,Noureddin Zaid,Khaleel Bani Ateyah,Jordan,1993-01-25,Amman,Jordan,32,,,False,https://media.api-sports.io/football/players/163908.png,2016,10938,Jordan U23,,AFC U23 Asian Cup,,Goalkeeper,3.0,3.0,270.0,,False,0.0,0.0,1.0,,,0.0,,,,,,,,,,,,,,,,,0.0,0.0,0.0,,,,,,1548,Jordan
163908,Noureddin Zaid,Noureddin Zaid,Khaleel Bani Ateyah,Jordan,1993-01-25,Amman,Jordan,32,,,False,https://media.api-sports.io/football/players/163908.png,2018,4531,Al Faisaly,18.0,AFC Cup,World,Goalkeeper,0.0,0.0,0.0,,False,0.0,0.0,4.0,,,0.0,,,,,,,,,,,,,,,,,0.0,0.0,0.0,,,,,,1548,Jordan
163908,Noureddin Zaid,Noureddin Zaid,Khaleel Bani Ateyah,Jordan,1993-01-25,Amman,Jordan,32,,,False,https://media.api-sports.io/football/players/163908.png,2018,4531,Al Faisaly,17.0,AFC Champions League,World,Goalkeeper,0.0,0.0,0.0,,False,0.0,0.0,1.0,,,0.0,,,,,,,,,,,,,,,,,0.0,0.0,0.0,,,,,,1548,Jordan
163908,Noureddin Zaid,Noureddin Zaid,Khaleel Bani Ateyah,Jordan,1993-01-25,Amman,Jordan,32,,,False,https://media.api-sports.io/football/players/163908.png,2018,4533,Al Jazeera,18.0,AFC Cup,World,Goalkeeper,0.0,0.0,0.0,,False,0.0,0.0,2.0,,,0.0,,,,,,,,,,,,,,,,,0.0,0.0,0.0,,,,,,1548,Jordan
163908,Noureddin Zaid,Noureddin Zaid,Khaleel Bani Ateyah,Jordan,1993-01-25,Amman,Jordan,32,,,False,https://media.api-sports.io/football/players/163908.png,2019,4533,Al Jazeera,18.0,AFC Cup,World,Goalkeeper,0.0,0.0,0.0,,False,0.0,0.0,10.0,,,0.0,,,,,,,,,,,,,,,,,0.0,0.0,0.0,,,,,,1548,Jordan
163908,Noureddin Zaid,Noureddin Zaid,Khaleel Bani Ateyah,Jordan,1993-01-25,Amman,Jordan,32,,,False,https://media.api-sports.io/football/players/163908.png,2020,4531,Al Faisaly,17.0,AFC Champions League,World,Goalkeeper,0.0,0.0,0.0,,False,0.0,0.0,0.0,,,0.0,,,,,,,,,,,,,,,,,0.0,0.0,0.0,,,,,,1548,Jordan
163908,Noureddin Zaid,Noureddin Zaid,Khaleel Bani Ateyah,Jordan,1993-01-25,Amman,Jordan,32,,,False,https://media.api-sports.io/football/players/163908.png,2020,4533,Al Jazeera,18.0,AFC Cup,World,Goalkeeper,2.0,2.0,180.0,,False,0.0,0.0,0.0,,,0.0,,,,,,,,,,,,,,,,,0.0,0.0,0.0,,,,,,1548,Jordan
163908,Noureddin Zaid,Noureddin Zaid,Khaleel Bani Ateyah,Jordan,1993-01-25,Amman,Jordan,32,,,False,https://media.api-sports.io/football/players/163908.png,2021,4531,Al Faisaly,18.0,AFC Cup,World,Goalkeeper,0.0,0.0,0.0,,False,0.0,0.0,3.0,,,0.0,,,,,,,,,,,,,,,,,0.0,0.0,0.0,,,,,,1548,Jordan
163908,Noureddin Zaid,Noureddin Zaid,Khaleel Bani Ateyah,Jordan,1993-01-25,Amman,Jordan,32,,,False,https://media.api-sports.io/football/players/163908.png,2023,4531,Al Faisaly,387.0,League,Jordan,Goalkeeper,,,,,False,,,,,,,,,,,,,,,,,,,,,,,,,,,,,,,1548,Jordan
163908,Noureddin Zaid,Noureddin Zaid,Khaleel Bani Ateyah,Jordan,1993-01-25,Amman,Jordan,32,,,False,https://media.api-sports.io/football/players/163908.png,2023,4531,Al Faisaly,17.0,AFC Champions League,World,Goalkeeper,4.0,4.0,360.0,,False,0.0,0.0,2.0,,,0.0,,,,,,,,,,,,,,,,,1.0,0.0,0.0,,,,,,1548,Jordan
163908,Noureddin Zaid,Noureddin Zaid,Khaleel Bani Ateyah,Jordan,1993-01-25,Amman,Jordan,32,,,False,https://media.api-sports.io/football/players/163908.png,2024,4531,Al Faisaly,387.0,League,Jordan,Goalkeeper,,,,,False,,,,,,,,,,,,,,,,,,,,,,,,,,,,,,,1548,Jordan
163908,Noureddin Zaid,Noureddin Zaid,Khaleel Bani Ateyah,Jordan,1993-01-25,Amman,Jordan,32,,,False,https://media.api-sports.io/football/players/163908.png,2025,1548,Jordan,10.0,Friendlies,World,Goalkeeper,1.0,1.0,,,False,0.0,1.0,6.0,,,0.0,0.0,0.0,,,,,,,,,,,,,,,0.0,0.0,0.0,,,0.0,0.0,,1548,Jordan
104242,Rajaei Ayed,Rajaei Ayed,Fadel Hasan,Jordan,1993-07-25,Amman,Jordan,32,179.0,75.0,False,https://media.api-sports.io/football/players/104242.png,2014,1548,Jordan,,WAFF Championship,,Midfielder,3.0,3.0,270.0,,False,0.0,1.0,1.0,,,0.0,,,,,,,,,,,,,,,,,1.0,0.0,0.0,,,,,,1548,Jordan
104242,Rajaei Ayed,Rajaei Ayed,Fadel Hasan,Jordan,1993-07-25,Amman,Jordan,32,179.0,75.0,False,https://media.api-sports.io/football/players/104242.png,2014,1548,Jordan,,Friendlies,,Midfielder,1.0,1.0,90.0,,False,0.0,0.0,0.0,,,0.0,,,,,,,,,,,,,,,,,1.0,0.0,0.0,,,,,,1548,Jordan
104242,Rajaei Ayed,Rajaei Ayed,Fadel Hasan,Jordan,1993-07-25,Amman,Jordan,32,179.0,75.0,False,https://media.api-sports.io/football/players/104242.png,2015,4537,Al Wihdat,,AFC Champions League Elite,,Midfielder,1.0,1.0,90.0,,False,0.0,0.0,0.0,,,0.0,,,,,,,,,,,,,,,,,0.0,0.0,0.0,,,,,,1548,Jordan
104242,Rajaei Ayed,Rajaei Ayed,Fadel Hasan,Jordan,1993-07-25,Amman,Jordan,32,179.0,75.0,False,https://media.api-sports.io/football/players/104242.png,2015,4537,Al Wihdat,,AFC Champions League Two,,Midfielder,6.0,6.0,477.0,,False,0.0,3.0,0.0,,,0.0,,,,,,,,,,,,,,,,,2.0,0.0,0.0,,,,,,1548,Jordan
104242,Rajaei Ayed,Rajaei Ayed,Fadel Hasan,Jordan,1993-07-25,Amman,Jordan,32,179.0,75.0,False,https://media.api-sports.io/football/players/104242.png,2015,1548,Jordan,,Asian Cup Qualification,,Midfielder,3.0,3.0,270.0,,False,0.0,0.0,0.0,,,0.0,,,,,,,,,,,,,,,,,0.0,0.0,0.0,,,,,,1548,Jordan
104242,Rajaei Ayed,Rajaei Ayed,Fadel Hasan,Jordan,1993-07-25,Amman,Jordan,32,179.0,75.0,False,https://media.api-sports.io/football/players/104242.png,2015,1548,Jordan,7.0,Asian Cup,World,Midfielder,0.0,0.0,0.0,,False,0.0,0.0,3.0,,,0.0,,,,,,,,,,,,,,,,,0.0,0.0,0.0,,,,,,1548,Jordan
104242,Rajaei Ayed,Rajaei Ayed,Fadel Hasan,Jordan,1993-07-25,Amman,Jordan,32,179.0,75.0,False,https://media.api-sports.io/football/players/104242.png,2016,4537,Al Wihdat,,AFC Champions League Two,,Midfielder,7.0,5.0,484.0,,False,2.0,0.0,2.0,,,0.0,,,,,,,,,,,,,,,,,2.0,0.0,0.0,,,,,,1548,Jordan
104242,Rajaei Ayed,Rajaei Ayed,Fadel Hasan,Jordan,1993-07-25,Amman,Jordan,32,179.0,75.0,False,https://media.api-sports.io/football/players/104242.png,2016,4537,Al Wihdat,17.0,AFC Champions League,World,Midfielder,0.0,0.0,0.0,,False,0.0,0.0,0.0,,,0.0,,,,,,,,,,,,,,,,,0.0,0.0,0.0,,,,,,1548,Jordan
104242,Rajaei Ayed,Rajaei Ayed,Fadel Hasan,Jordan,1993-07-25,Amman,Jordan,32,179.0,75.0,False,https://media.api-sports.io/football/players/104242.png,2016,10938,Jordan U23,,AFC U23 Asian Cup,,Midfielder,4.0,4.0,360.0,,False,0.0,0.0,0.0,,,0.0,,,,,,,,,,,,,,,,,0.0,0.0,0.0,,,,,,1548,Jordan
104242,Rajaei Ayed,Rajaei Ayed,Fadel Hasan,Jordan,1993-07-25,Amman,Jordan,32,179.0,75.0,False,https://media.api-sports.io/football/players/104242.png,2017,4537,Al Wihdat,18.0,AFC Cup,World,Midfielder,8.0,8.0,720.0,,False,0.0,0.0,0.0,,,0.0,,,,,,,,,,,,,,,,,0.0,0.0,0.0,,,,,,1548,Jordan
104242,Rajaei Ayed,Rajaei Ayed,Fadel Hasan,Jordan,1993-07-25,Amman,Jordan,32,179.0,75.0,False,https://media.api-sports.io/football/players/104242.png,2017,4537,Al Wihdat,17.0,AFC Champions League,World,Midfielder,2.0,2.0,180.0,,False,0.0,0.0,0.0,,,0.0,,,,,,,,,,,,,,,,,0.0,0.0,0.0,,,,,,1548,Jordan
104242,Rajaei Ayed,Rajaei Ayed,Fadel Hasan,Jordan,1993-07-25,Amman,Jordan,32,179.0,75.0,False,https://media.api-sports.io/football/players/104242.png,2017,1548,Jordan,10.0,Friendlies,World,Midfielder,1.0,1.0,89.0,,False,0.0,1.0,0.0,,,0.0,,,,,,,,,,,,,,,,,0.0,0.0,0.0,,,,,,1548,Jordan
104242,Rajaei Ayed,Rajaei Ayed,Fadel Hasan,Jordan,1993-07-25,Amman,Jordan,32,179.0,75.0,False,https://media.api-sports.io/football/players/104242.png,2018,1548,Jordan,30.0,World Cup - Qualification Asia,World,Midfielder,6.0,6.0,508.0,,False,0.0,2.0,1.0,,,0.0,,,,,,,,,,,,,,,,,0.0,0.0,0.0,,,,,,1548,Jordan
104242,Rajaei Ayed,Rajaei Ayed,Fadel Hasan,Jordan,1993-07-25,Amman,Jordan,32,179.0,75.0,False,https://media.api-sports.io/football/players/104242.png,2018,1548,Jordan,10.0,Friendlies,World,Midfielder,2.0,0.0,28.0,,False,2.0,0.0,1.0,,,0.0,,,,,,,,,,,,,,,,,0.0,0.0,0.0,,,,,,1548,Jordan
104242,Rajaei Ayed,Rajaei Ayed,Fadel Hasan,Jordan,1993-07-25,Amman,Jordan,32,179.0,75.0,False,https://media.api-sports.io/football/players/104242.png,2019,4537,Al Wihdat,18.0,AFC Cup,World,Midfielder,8.0,8.0,705.0,,False,0.0,1.0,0.0,,,1.0,,,,,,,,,,,,,,,,,0.0,0.0,0.0,,,,,,1548,Jordan
104242,Rajaei Ayed,Rajaei Ayed,Fadel Hasan,Jordan,1993-07-25,Amman,Jordan,32,179.0,75.0,False,https://media.api-sports.io/football/players/104242.png,2019,4537,Al Wihdat,17.0,AFC Champions League,World,Midfielder,1.0,0.0,32.0,,False,1.0,0.0,1.0,,,0.0,,,,,,,,,,,,,,,,,0.0,0.0,0.0,,,,,,1548,Jordan
104242,Rajaei Ayed,Rajaei Ayed,Fadel Hasan,Jordan,1993-07-25,Amman,Jordan,32,179.0,75.0,False,https://media.api-sports.io/football/players/104242.png,2019,1548,Jordan,35.0,Asian Cup - Qualification,World,Midfielder,2.0,2.0,162.0,,False,0.0,1.0,3.0,,,0.0,,,,,,,,,,,,,,,,,0.0,0.0,0.0,,,,,,1548,Jordan
104242,Rajaei Ayed,Rajaei Ayed,Fadel Hasan,Jordan,1993-07-25,Amman,Jordan,32,179.0,75.0,False,https://media.api-sports.io/football/players/104242.png,2021,4537,Al Wihdat,17.0,AFC Champions League,World,Midfielder,6.0,3.0,326.0,6.783333,False,3.0,2.0,3.0,,,0.0,0.0,,,248.0,5.0,,10.0,1.0,3.0,26.0,13.0,3.0,2.0,,,5.0,1.0,0.0,0.0,,,0.0,0.0,,1548,Jordan
104242,Rajaei Ayed,Rajaei Ayed,Fadel Hasan,Jordan,1993-07-25,Amman,Jordan,32,179.0,75.0,False,https://media.api-sports.io/football/players/104242.png,2021,1548,Jordan,860.0,Arab Cup,World,Midfielder,3.0,1.0,91.0,,False,2.0,1.0,3.0,,,0.0,,,,,,,,,,,,,,,,,0.0,0.0,0.0,,,,,,1548,Jordan
104242,Rajaei Ayed,Rajaei Ayed,Fadel Hasan,Jordan,1993-07-25,Amman,Jordan,32,179.0,75.0,False,https://media.api-sports.io/football/players/104242.png,2021,1548,Jordan,10.0,Friendlies,World,Midfielder,2.0,1.0,52.0,,False,1.0,1.0,0.0,,,0.0,,,,,,,,,,,,,,,,,0.0,0.0,0.0,,,,,,1548,Jordan
104242,Rajaei Ayed,Rajaei Ayed,Fadel Hasan,Jordan,1993-07-25,Amman,Jordan,32,179.0,75.0,False,https://media.api-sports.io/football/players/104242.png,2021,2776,Ratchaburi,296.0,Thai League 1,Thailand,Midfielder,13.0,10.0,929.0,,False,3.0,4.0,3.0,,,0.0,,,,,,,,,,,,,,,,,1.0,0.0,0.0,,,,,,1548,Jordan
104242,Rajaei Ayed,Rajaei Ayed,Fadel Hasan,Jordan,1993-07-25,Amman,Jordan,32,179.0,75.0,False,https://media.api-sports.io/football/players/104242.png,2021,2776,Ratchaburi,898.0,League Cup,Thailand,Midfielder,3.0,2.0,207.0,,False,1.0,0.0,1.0,,,0.0,,,,,,,,,,,,,,,,,0.0,0.0,0.0,,,,,,1548,Jordan
104242,Rajaei Ayed,Rajaei Ayed,Fadel Hasan,Jordan,1993-07-25,Amman,Jordan,32,179.0,75.0,False,https://media.api-sports.io/football/players/104242.png,2022,2915,Al Mesaimeer,306.0,Second Division,Qatar,Midfielder,,,,,False,,,,,,,,,,,,,,,,,,,,,,,,,,,,,,,1548,Jordan
104242,Rajaei Ayed,Rajaei Ayed,Fadel Hasan,Jordan,1993-07-25,Amman,Jordan,32,179.0,75.0,False,https://media.api-sports.io/football/players/104242.png,2022,1548,Jordan,35.0,Asian Cup - Qualification,World,Midfielder,0.0,0.0,0.0,,False,0.0,0.0,3.0,,,0.0,,,,,,,,,,,,,,,,,0.0,0.0,0.0,,,,,,1548,Jordan
104242,Rajaei Ayed,Rajaei Ayed,Fadel Hasan,Jordan,1993-07-25,Amman,Jordan,32,179.0,75.0,False,https://media.api-sports.io/football/players/104242.png,2022,1548,Jordan,10.0,Friendlies,World,Midfielder,1.0,0.0,10.0,,False,1.0,0.0,2.0,,,0.0,,,,,,,,,,,,,,,,,0.0,0.0,0.0,,,,,,1548,Jordan
104242,Rajaei Ayed,Rajaei Ayed,Fadel Hasan,Jordan,1993-07-25,Amman,Jordan,32,179.0,75.0,False,https://media.api-sports.io/football/players/104242.png,2023,2915,Al Mesaimeer,306.0,Second Division,Qatar,Midfielder,,,,,False,,,,,,,,,,,,,,,,,,,,,,,,,,,,,,,1548,Jordan
104242,Rajaei Ayed,Rajaei Ayed,Fadel Hasan,Jordan,1993-07-25,Amman,Jordan,32,179.0,75.0,False,https://media.api-sports.io/football/players/104242.png,2023,1548,Jordan,,Asian Cup Qualification,,Midfielder,0.0,0.0,0.0,,False,0.0,0.0,3.0,,,0.0,,,,,,,,,,,,,,,,,0.0,0.0,0.0,,,,,,1548,Jordan
104242,Rajaei Ayed,Rajaei Ayed,Fadel Hasan,Jordan,1993-07-25,Amman,Jordan,32,179.0,75.0,False,https://media.api-sports.io/football/players/104242.png,2023,1548,Jordan,7.0,Asian Cup,World,Midfielder,6.0,4.0,350.0,6.6,False,2.0,4.0,3.0,,,0.0,0.0,,,216.0,3.0,,10.0,,,22.0,11.0,,,,,5.0,1.0,0.0,0.0,,,0.0,0.0,,1548,Jordan
104242,Rajaei Ayed,Rajaei Ayed,Fadel Hasan,Jordan,1993-07-25,Amman,Jordan,32,179.0,75.0,False,https://media.api-sports.io/football/players/104242.png,2023,1548,Jordan,10.0,Friendlies,World,Midfielder,2.0,1.0,92.0,,False,1.0,1.0,2.0,,,0.0,,,,,,,,,,,,,,,,,0.0,0.0,0.0,,,,,,1548,Jordan
104242,Rajaei Ayed,Rajaei Ayed,Fadel Hasan,Jordan,1993-07-25,Amman,Jordan,32,179.0,75.0,False,https://media.api-sports.io/football/players/104242.png,2024,4532,Al Hussein,387.0,League,Jordan,Midfielder,,,,,False,,,,,,,,,,,,,,,,,,,,,,,,,,,,,,,1548,Jordan
104242,Rajaei Ayed,Rajaei Ayed,Fadel Hasan,Jordan,1993-07-25,Amman,Jordan,32,179.0,75.0,False,https://media.api-sports.io/football/players/104242.png,2024,4532,Al Hussein,18.0,AFC Cup,World,Midfielder,7.0,7.0,517.0,6.8,False,0.0,5.0,1.0,,,0.0,0.0,1.0,,194.0,4.0,,6.0,,8.0,22.0,11.0,6.0,3.0,,,2.0,1.0,0.0,0.0,,,0.0,0.0,,1548,Jordan
104242,Rajaei Ayed,Rajaei Ayed,Fadel Hasan,Jordan,1993-07-25,Amman,Jordan,32,179.0,75.0,False,https://media.api-sports.io/football/players/104242.png,2024,1548,Jordan,10.0,Friendlies,World,Midfielder,1.0,0.0,20.0,,False,1.0,0.0,1.0,,,0.0,,,,,,,,,,,,,,,,,0.0,0.0,0.0,,,,,,1548,Jordan
104242,Rajaei Ayed,Rajaei Ayed,Fadel Hasan,Jordan,1993-07-25,Amman,Jordan,32,179.0,75.0,False,https://media.api-sports.io/football/players/104242.png,2025,4532,Al Hussein,18.0,AFC Cup,World,Midfielder,4.0,4.0,90.0,6.7,False,0.0,3.0,0.0,,,0.0,0.0,0.0,,49.0,,44.0,1.0,1.0,2.0,5.0,1.0,1.0,,,,2.0,0.0,0.0,0.0,,,0.0,0.0,,1548,Jordan
104242,Rajaei Ayed,Rajaei Ayed,Fadel Hasan,Jordan,1993-07-25,Amman,Jordan,32,179.0,75.0,False,https://media.api-sports.io/football/players/104242.png,2025,1548,Jordan,10.0,Friendlies,World,Midfielder,1.0,1.0,,,False,0.0,0.0,3.0,,,0.0,0.0,0.0,,,,,,,,,,,,,,,0.0,0.0,0.0,,,0.0,0.0,,1548,Jordan
213978,Saed Al Rosan,Saed Ahmad Salameh,Al Rosan,Jordan,1997-02-01,,Jordan,28,181.0,79.0,False,https://media.api-sports.io/football/players/213978.png,2020,10938,Jordan U23,532.0,AFC U23 Asian Cup,World,Defender,4.0,4.0,360.0,,False,0.0,0.0,0.0,,,0.0,,,,,,,,,,,,,,,,,1.0,0.0,0.0,,,,,,1548,Jordan
213978,Saed Al Rosan,Saed Ahmad Salameh,Al Rosan,Jordan,1997-02-01,,Jordan,28,181.0,79.0,False,https://media.api-sports.io/football/players/213978.png,2023,1548,Jordan,10.0,Friendlies,World,Defender,1.0,1.0,84.0,,False,0.0,1.0,0.0,,,0.0,,,,,,,,,,,,,,,,,0.0,0.0,0.0,,,,,,1548,Jordan
213978,Saed Al Rosan,Saed Ahmad Salameh,Al Rosan,Jordan,1997-02-01,,Jordan,28,181.0,79.0,False,https://media.api-sports.io/football/players/213978.png,2024,4532,Al Hussein,387.0,League,Jordan,Defender,,,,,False,,,,,,,,,,,,,,,,,,,,,,,,,,,,,,,1548,Jordan
213978,Saed Al Rosan,Saed Ahmad Salameh,Al Rosan,Jordan,1997-02-01,,Jordan,28,181.0,79.0,False,https://media.api-sports.io/football/players/213978.png,2024,4532,Al Hussein,18.0,AFC Cup,World,Defender,8.0,8.0,737.0,7.12,False,0.0,1.0,0.0,1.0,,0.0,0.0,0.0,,220.0,1.0,,9.0,5.0,8.0,29.0,18.0,,,,2.0,5.0,2.0,0.0,0.0,,,0.0,0.0,,1548,Jordan
213978,Saed Al Rosan,Saed Ahmad Salameh,Al Rosan,Jordan,1997-02-01,,Jordan,28,181.0,79.0,False,https://media.api-sports.io/football/players/213978.png,2025,4532,Al Hussein,18.0,AFC Cup,World,Defender,4.0,4.0,90.0,7.3,False,0.0,0.0,0.0,,,0.0,0.0,0.0,,38.0,,,3.0,1.0,,9.0,5.0,2.0,1.0,,,1.0,0.0,0.0,0.0,,,0.0,0.0,,1548,Jordan
213978,Saed Al Rosan,Saed Ahmad Salameh,Al Rosan,Jordan,1997-02-01,,Jordan,28,181.0,79.0,False,https://media.api-sports.io/football/players/213978.png,2025,1548,Jordan,10.0,Friendlies,World,Defender,4.0,3.0,,,False,1.0,1.0,2.0,,,0.0,0.0,0.0,,,,,,,,,,,,,,,0.0,0.0,0.0,,,0.0,0.0,,1548,Jordan
72140,Saleem Obaid,Saleem,Obaid,Jordan,1992-01-17,,Jordan,33,,,False,https://media.api-sports.io/football/players/72140.png,2017,4529,Al Ahli,18.0,AFC Cup,World,Defender,5.0,5.0,432.0,,False,0.0,0.0,0.0,,,0.0,,,,,,,,,,,,,,,,,2.0,1.0,0.0,,,,,,1548,Jordan
72140,Saleem Obaid,Saleem,Obaid,Jordan,1992-01-17,,Jordan,33,,,False,https://media.api-sports.io/football/players/72140.png,2019,4537,Al Wihdat,18.0,AFC Cup,World,Defender,5.0,5.0,450.0,,False,0.0,0.0,1.0,,,0.0,,,,,,,,,,,,,,,,,0.0,0.0,0.0,,,,,,1548,Jordan
72140,Saleem Obaid,Saleem,Obaid,Jordan,1992-01-17,,Jordan,33,,,False,https://media.api-sports.io/football/players/72140.png,2019,4537,Al Wihdat,17.0,AFC Champions League,World,Defender,0.0,0.0,0.0,,False,0.0,0.0,1.0,,,0.0,,,,,,,,,,,,,,,,,0.0,0.0,0.0,,,,,,1548,Jordan
72140,Saleem Obaid,Saleem,Obaid,Jordan,1992-01-17,,Jordan,33,,,False,https://media.api-sports.io/football/players/72140.png,2019,1548,Jordan,10.0,Friendlies,World,Defender,0.0,0.0,0.0,,False,0.0,0.0,2.0,,,0.0,,,,,,,,,,,,,,,,,0.0,0.0,0.0,,,,,,1548,Jordan
72140,Saleem Obaid,Saleem,Obaid,Jordan,1992-01-17,,Jordan,33,,,False,https://media.api-sports.io/football/players/72140.png,2022,1548,Jordan,30.0,World Cup - Qualification Asia,World,Defender,0.0,0.0,0.0,,False,0.0,0.0,0.0,,,0.0,,,,,,,,,,,,,,,,,0.0,0.0,0.0,,,,,,1548,Jordan
72140,Saleem Obaid,Saleem,Obaid,Jordan,1992-01-17,,Jordan,33,,,False,https://media.api-sports.io/football/players/72140.png,2022,1548,Jordan,10.0,Friendlies,World,Defender,0.0,0.0,0.0,,False,0.0,0.0,1.0,,,0.0,,,,,,,,,,,,,,,,,0.0,0.0,0.0,,,,,,1548,Jordan
72140,Saleem Obaid,Saleem,Obaid,Jordan,1992-01-17,,Jordan,33,,,False,https://media.api-sports.io/football/players/72140.png,2023,1548,Jordan,10.0,Friendlies,World,Defender,0.0,0.0,0.0,,False,0.0,0.0,0.0,,,0.0,,,,,,,,,,,,,,,,,0.0,0.0,0.0,,,,,,1548,Jordan
72140,Saleem Obaid,Saleem,Obaid,Jordan,1992-01-17,,Jordan,33,,,False,https://media.api-sports.io/football/players/72140.png,2024,4532,Al Hussein,387.0,League,Jordan,Defender,,,,,False,,,,,,,,,,,,,,,,,,,,,,,,,,,,,,,1548,Jordan
72140,Saleem Obaid,Saleem,Obaid,Jordan,1992-01-17,,Jordan,33,,,False,https://media.api-sports.io/football/players/72140.png,2024,4532,Al Hussein,18.0,AFC Cup,World,Defender,5.0,3.0,261.0,6.666666,False,2.0,2.0,5.0,,,0.0,0.0,0.0,,42.0,1.0,,2.0,,2.0,5.0,4.0,1.0,1.0,,1.0,1.0,1.0,0.0,0.0,,,0.0,0.0,,1548,Jordan
72140,Saleem Obaid,Saleem,Obaid,Jordan,1992-01-17,,Jordan,33,,,False,https://media.api-sports.io/football/players/72140.png,2024,1548,Jordan,10.0,Friendlies,World,Defender,0.0,0.0,0.0,,False,0.0,0.0,0.0,,,0.0,,,,,,,,,,,,,,,,,0.0,0.0,0.0,,,,,,1548,Jordan
72140,Saleem Obaid,Saleem,Obaid,Jordan,1992-01-17,,Jordan,33,,,False,https://media.api-sports.io/football/players/72140.png,2025,4532,Al Hussein,18.0,AFC Cup,World,Defender,3.0,3.0,78.0,6.3,False,0.0,1.0,1.0,,,0.0,0.0,0.0,,25.0,,,1.0,,,7.0,4.0,3.0,2.0,,1.0,1.0,0.0,0.0,0.0,,,0.0,0.0,,1548,Jordan
72140,Saleem Obaid,Saleem,Obaid,Jordan,1992-01-17,,Jordan,33,,,False,https://media.api-sports.io/football/players/72140.png,2025,1548,Jordan,10.0,Friendlies,World,Defender,2.0,2.0,,,False,0.0,1.0,3.0,,,0.0,0.0,0.0,,,,,,,,,,,,,,,0.0,0.0,0.0,,,0.0,0.0,,1548,Jordan
213947,Yazan Al Naimat,Yazan Abdallah Ayed,Al Naimat,Jordan,1999-06-04,,Jordan,26,178.0,71.0,False,https://media.api-sports.io/football/players/213947.png,2020,10938,Jordan U23,532.0,AFC U23 Asian Cup,World,Attacker,4.0,3.0,230.0,,False,1.0,3.0,1.0,,,1.0,,,,,,,,,,,,,,,,,0.0,0.0,0.0,,,,,,1548,Jordan
213947,Yazan Al Naimat,Yazan Abdallah Ayed,Al Naimat,Jordan,1999-06-04,,Jordan,26,178.0,71.0,False,https://media.api-sports.io/football/players/213947.png,2021,2896,Al Ahli Doha,305.0,Stars League,Qatar,Attacker,8.0,7.0,584.0,,False,1.0,6.0,1.0,,,2.0,,,,,,,,,,,,,,,,,1.0,0.0,0.0,,,,,,1548,Jordan
213947,Yazan Al Naimat,Yazan Abdallah Ayed,Al Naimat,Jordan,1999-06-04,,Jordan,26,178.0,71.0,False,https://media.api-sports.io/football/players/213947.png,2021,1548,Jordan,10.0,Friendlies,World,Attacker,3.0,0.0,65.0,,False,3.0,0.0,0.0,,,0.0,,,,,,,,,,,,,,,,,0.0,0.0,0.0,,,,,,1548,Jordan
213947,Yazan Al Naimat,Yazan Abdallah Ayed,Al Naimat,Jordan,1999-06-04,,Jordan,26,178.0,71.0,False,https://media.api-sports.io/football/players/213947.png,2021,1548,Jordan,860.0,Arab Cup,World,Attacker,3.0,2.0,166.0,,False,1.0,2.0,1.0,,,3.0,,,,,,,,,,,,,,,,,0.0,0.0,0.0,,,,,,1548,Jordan
213947,Yazan Al Naimat,Yazan Abdallah Ayed,Al Naimat,Jordan,1999-06-04,,Jordan,26,178.0,71.0,False,https://media.api-sports.io/football/players/213947.png,2022,2896,Al Ahli Doha,305.0,Stars League,Qatar,Attacker,21.0,21.0,1823.0,,False,0.0,9.0,0.0,,,8.0,,,,,,,,,,,,,,,,,3.0,1.0,0.0,,,,,,1548,Jordan
213947,Yazan Al Naimat,Yazan Abdallah Ayed,Al Naimat,Jordan,1999-06-04,,Jordan,26,178.0,71.0,False,https://media.api-sports.io/football/players/213947.png,2022,2896,Al Ahli Doha,824.0,Emir Cup,Qatar,Attacker,1.0,1.0,34.0,,False,0.0,1.0,0.0,,,0.0,,,,,,,,,,,,,,,,,0.0,0.0,0.0,,,,,,1548,Jordan
213947,Yazan Al Naimat,Yazan Abdallah Ayed,Al Naimat,Jordan,1999-06-04,,Jordan,26,178.0,71.0,False,https://media.api-sports.io/football/players/213947.png,2022,2905,Al-Arabi SC,305.0,Stars League,Qatar,Attacker,5.0,3.0,304.0,7.26,False,2.0,,,10.0,4.0,1.0,0.0,2.0,,51.0,8.0,,2.0,1.0,3.0,56.0,26.0,25.0,12.0,,8.0,2.0,0.0,,0.0,,,0.0,0.0,,1548,Jordan
213947,Yazan Al Naimat,Yazan Abdallah Ayed,Al Naimat,Jordan,1999-06-04,,Jordan,26,178.0,71.0,False,https://media.api-sports.io/football/players/213947.png,2022,1548,Jordan,35.0,Asian Cup - Qualification,World,Attacker,3.0,3.0,205.0,,False,0.0,3.0,0.0,,,1.0,,,,,,,,,,,,,,,,,0.0,0.0,0.0,,,,,,1548,Jordan
213947,Yazan Al Naimat,Yazan Abdallah Ayed,Al Naimat,Jordan,1999-06-04,,Jordan,26,178.0,71.0,False,https://media.api-sports.io/football/players/213947.png,2022,1548,Jordan,30.0,World Cup - Qualification Asia,World,Attacker,2.0,1.0,93.0,,False,1.0,1.0,1.0,,,0.0,,,,,,,,,,,,,,,,,0.0,0.0,0.0,,,,,,1548,Jordan
213947,Yazan Al Naimat,Yazan Abdallah Ayed,Al Naimat,Jordan,1999-06-04,,Jordan,26,178.0,71.0,False,https://media.api-sports.io/football/players/213947.png,2022,1548,Jordan,10.0,Friendlies,World,Attacker,4.0,2.0,202.0,,False,2.0,2.0,1.0,,,0.0,,,,,,,,,,,,,,,,,0.0,0.0,0.0,,,,,,1548,Jordan
213947,Yazan Al Naimat,Yazan Abdallah Ayed,Al Naimat,Jordan,1999-06-04,,Jordan,26,178.0,71.0,False,https://media.api-sports.io/football/players/213947.png,2023,2896,Al Ahli Doha,305.0,Stars League,Qatar,Attacker,18.0,16.0,1401.0,7.26,False,2.0,3.0,2.0,10.0,4.0,5.0,0.0,2.0,,51.0,8.0,,2.0,1.0,3.0,56.0,26.0,25.0,12.0,,8.0,2.0,1.0,0.0,0.0,,,0.0,0.0,,1548,Jordan
213947,Yazan Al Naimat,Yazan Abdallah Ayed,Al Naimat,Jordan,1999-06-04,,Jordan,26,178.0,71.0,False,https://media.api-sports.io/football/players/213947.png,2023,2896,Al Ahli Doha,677.0,QSL Cup,Qatar,Attacker,1.0,1.0,77.0,,False,0.0,1.0,0.0,,,0.0,,,,,,,,,,,,,,,,,0.0,0.0,0.0,,,,,,1548,Jordan
213947,Yazan Al Naimat,Yazan Abdallah Ayed,Al Naimat,Jordan,1999-06-04,,Jordan,26,178.0,71.0,False,https://media.api-sports.io/football/players/213947.png,2023,2905,Al-Arabi SC,677.0,QSL Cup,Qatar,Attacker,3.0,3.0,224.0,7.0,False,0.0,,,4.0,2.0,1.0,0.0,0.0,,41.0,1.0,,5.0,,1.0,32.0,16.0,10.0,4.0,,5.0,2.0,0.0,,0.0,,,0.0,0.0,,1548,Jordan
213947,Yazan Al Naimat,Yazan Abdallah Ayed,Al Naimat,Jordan,1999-06-04,,Jordan,26,178.0,71.0,False,https://media.api-sports.io/football/players/213947.png,2023,2905,Al-Arabi SC,305.0,Stars League,Qatar,Attacker,5.0,3.0,304.0,7.26,False,2.0,,,10.0,4.0,1.0,0.0,2.0,,51.0,8.0,,2.0,1.0,3.0,56.0,26.0,25.0,12.0,,8.0,2.0,0.0,,0.0,,,0.0,0.0,,1548,Jordan
213947,Yazan Al Naimat,Yazan Abdallah Ayed,Al Naimat,Jordan,1999-06-04,,Jordan,26,178.0,71.0,False,https://media.api-sports.io/football/players/213947.png,2023,1548,Jordan,7.0,Asian Cup,World,Attacker,7.0,7.0,579.0,7.428571,False,0.0,,,20.0,10.0,4.0,0.0,2.0,,98.0,10.0,,7.0,,3.0,84.0,30.0,24.0,10.0,,5.0,11.0,2.0,,0.0,,,0.0,0.0,,1548,Jordan
213947,Yazan Al Naimat,Yazan Abdallah Ayed,Al Naimat,Jordan,1999-06-04,,Jordan,26,178.0,71.0,False,https://media.api-sports.io/football/players/213947.png,2023,1548,Jordan,,Asian Cup Qualification,,Attacker,3.0,3.0,205.0,,False,0.0,3.0,0.0,,,1.0,,,,,,,,,,,,,,,,,0.0,0.0,0.0,,,,,,1548,Jordan
213947,Yazan Al Naimat,Yazan Abdallah Ayed,Al Naimat,Jordan,1999-06-04,,Jordan,26,178.0,71.0,False,https://media.api-sports.io/football/players/213947.png,2023,1548,Jordan,10.0,Friendlies,World,Attacker,5.0,3.0,307.0,,False,2.0,2.0,0.0,,,1.0,,,,,,,,,,,,,,,,,1.0,0.0,0.0,,,,,,1548,Jordan
213947,Yazan Al Naimat,Yazan Abdallah Ayed,Al Naimat,Jordan,1999-06-04,,Jordan,26,178.0,71.0,False,https://media.api-sports.io/football/players/213947.png,2024,2896,Al Ahli Doha,305.0,Stars League,Qatar,Attacker,0.0,0.0,0.0,7.0,False,0.0,0.0,0.0,4.0,2.0,0.0,0.0,0.0,,41.0,1.0,,5.0,,1.0,32.0,16.0,10.0,4.0,,5.0,2.0,0.0,0.0,0.0,,,0.0,0.0,,1548,Jordan
213947,Yazan Al Naimat,Yazan Abdallah Ayed,Al Naimat,Jordan,1999-06-04,,Jordan,26,178.0,71.0,False,https://media.api-sports.io/football/players/213947.png,2024,2905,Al-Arabi SC,1162.0,AGCFF Gulf Champions League,World,Attacker,2.0,1.0,58.0,,False,1.0,1.0,1.0,,,0.0,0.0,0.0,0.0,,0.0,,0.0,,0.0,,,,0.0,,,,0.0,,0.0,,,,,,1548,Jordan
213947,Yazan Al Naimat,Yazan Abdallah Ayed,Al Naimat,Jordan,1999-06-04,,Jordan,26,178.0,71.0,False,https://media.api-sports.io/football/players/213947.png,2024,2905,Al-Arabi SC,305.0,Stars League,Qatar,Attacker,3.0,3.0,224.0,7.0,False,0.0,,,4.0,2.0,1.0,0.0,0.0,,41.0,1.0,,5.0,,1.0,32.0,16.0,10.0,4.0,,5.0,2.0,0.0,,0.0,,,0.0,0.0,,1548,Jordan
213947,Yazan Al Naimat,Yazan Abdallah Ayed,Al Naimat,Jordan,1999-06-04,,Jordan,26,178.0,71.0,False,https://media.api-sports.io/football/players/213947.png,2024,2905,Al-Arabi SC,677.0,QSL Cup,Qatar,Attacker,0.0,0.0,0.0,,False,0.0,0.0,0.0,,,0.0,,,,,,,,,,,,,,,,,0.0,0.0,0.0,,,,,,1548,Jordan
213947,Yazan Al Naimat,Yazan Abdallah Ayed,Al Naimat,Jordan,1999-06-04,,Jordan,26,178.0,71.0,False,https://media.api-sports.io/football/players/213947.png,2024,1548,Jordan,10.0,Friendlies,World,Attacker,1.0,1.0,70.0,,False,0.0,1.0,0.0,,,1.0,,,,,,,,,,,,,,,,,0.0,0.0,0.0,,,,,,1548,Jordan
213947,Yazan Al Naimat,Yazan Abdallah Ayed,Al Naimat,Jordan,1999-06-04,,Jordan,26,178.0,71.0,False,https://media.api-sports.io/football/players/213947.png,2025,2905,Al-Arabi SC,305.0,Stars League,Qatar,Attacker,8.0,2.0,40.0,7.3,False,6.0,1.0,8.0,3.0,3.0,2.0,0.0,1.0,,10.0,2.0,,,,,8.0,2.0,1.0,1.0,,1.0,1.0,0.0,0.0,0.0,,,0.0,0.0,,1548,Jordan
213947,Yazan Al Naimat,Yazan Abdallah Ayed,Al Naimat,Jordan,1999-06-04,,Jordan,26,178.0,71.0,False,https://media.api-sports.io/football/players/213947.png,2025,1548,Jordan,10.0,Friendlies,World,Attacker,6.0,5.0,64.0,6.2,False,1.0,3.0,1.0,2.0,1.0,0.0,0.0,0.0,,15.0,2.0,,,,,11.0,1.0,9.0,1.0,,,1.0,0.0,0.0,0.0,,,0.0,0.0,,1548,Jordan
140607,Yazid Abu Layla,Yazid Moeen Hasan,Abu Layla,Jordan,1993-01-08,Zarqa,Jordan,32,187.0,88.0,False,https://media.api-sports.io/football/players/140607.png,2014,4539,Shabab Al Ordon,,AFC Champions League Two,,Goalkeeper,0.0,0.0,0.0,,False,0.0,0.0,1.0,,,0.0,,,,,,,,,,,,,,,,,0.0,0.0,0.0,,,,,,1548,Jordan
140607,Yazid Abu Layla,Yazid Moeen Hasan,Abu Layla,Jordan,1993-01-08,Zarqa,Jordan,32,187.0,88.0,False,https://media.api-sports.io/football/players/140607.png,2014,4539,Shabab Al Ordon,,AFC Champions League Elite,,Goalkeeper,0.0,0.0,0.0,,False,0.0,0.0,0.0,,,0.0,,,,,,,,,,,,,,,,,0.0,0.0,0.0,,,,,,1548,Jordan
140607,Yazid Abu Layla,Yazid Moeen Hasan,Abu Layla,Jordan,1993-01-08,Zarqa,Jordan,32,187.0,88.0,False,https://media.api-sports.io/football/players/140607.png,2016,10938,Jordan U23,,AFC U23 Asian Cup,,Goalkeeper,1.0,1.0,90.0,,False,0.0,0.0,3.0,,,0.0,,,,,,,,,,,,,,,,,0.0,0.0,0.0,,,,,,1548,Jordan
140607,Yazid Abu Layla,Yazid Moeen Hasan,Abu Layla,Jordan,1993-01-08,Zarqa,Jordan,32,187.0,88.0,False,https://media.api-sports.io/football/players/140607.png,2017,1548,Jordan,10.0,Friendlies,World,Goalkeeper,0.0,0.0,0.0,,False,0.0,0.0,0.0,,,0.0,,,,,,,,,,,,,,,,,0.0,0.0,0.0,,,,,,1548,Jordan
140607,Yazid Abu Layla,Yazid Moeen Hasan,Abu Layla,Jordan,1993-01-08,Zarqa,Jordan,32,187.0,88.0,False,https://media.api-sports.io/football/players/140607.png,2018,4531,Al Faisaly,18.0,AFC Cup,World,Goalkeeper,4.0,4.0,360.0,,False,0.0,0.0,4.0,,,0.0,,,,,,,,,,,,,,,,,0.0,0.0,0.0,,,,,,1548,Jordan
140607,Yazid Abu Layla,Yazid Moeen Hasan,Abu Layla,Jordan,1993-01-08,Zarqa,Jordan,32,187.0,88.0,False,https://media.api-sports.io/football/players/140607.png,2018,4531,Al Faisaly,17.0,AFC Champions League,World,Goalkeeper,1.0,1.0,90.0,5.2,False,0.0,0.0,0.0,0.0,0.0,0.0,,,0.0,10.0,0.0,62.0,,,0.0,1.0,1.0,0.0,0.0,,1.0,0.0,0.0,0.0,0.0,,,0.0,0.0,,1548,Jordan
140607,Yazid Abu Layla,Yazid Moeen Hasan,Abu Layla,Jordan,1993-01-08,Zarqa,Jordan,32,187.0,88.0,False,https://media.api-sports.io/football/players/140607.png,2018,1548,Jordan,30.0,World Cup - Qualification Asia,World,Goalkeeper,0.0,0.0,0.0,,False,0.0,0.0,1.0,,,0.0,,,,,,,,,,,,,,,,,0.0,0.0,0.0,,,,,,1548,Jordan
140607,Yazid Abu Layla,Yazid Moeen Hasan,Abu Layla,Jordan,1993-01-08,Zarqa,Jordan,32,187.0,88.0,False,https://media.api-sports.io/football/players/140607.png,2018,1548,Jordan,10.0,Friendlies,World,Goalkeeper,0.0,0.0,0.0,,False,0.0,0.0,0.0,,,0.0,,,,,,,,,,,,,,,,,0.0,0.0,0.0,,,,,,1548,Jordan
140607,Yazid Abu Layla,Yazid Moeen Hasan,Abu Layla,Jordan,1993-01-08,Zarqa,Jordan,32,187.0,88.0,False,https://media.api-sports.io/football/players/140607.png,2019,1548,Jordan,35.0,Asian Cup - Qualification,World,Goalkeeper,2.0,2.0,180.0,,False,0.0,0.0,4.0,,,0.0,,,,,,,,,,,,,,,,,1.0,0.0,0.0,,,,,,1548,Jordan
140607,Yazid Abu Layla,Yazid Moeen Hasan,Abu Layla,Jordan,1993-01-08,Zarqa,Jordan,32,187.0,88.0,False,https://media.api-sports.io/football/players/140607.png,2019,1548,Jordan,,WAFF Championship,,Goalkeeper,0.0,0.0,0.0,,False,0.0,0.0,3.0,,,0.0,,,,,,,,,,,,,,,,,0.0,0.0,0.0,,,,,,1548,Jordan
140607,Yazid Abu Layla,Yazid Moeen Hasan,Abu Layla,Jordan,1993-01-08,Zarqa,Jordan,32,187.0,88.0,False,https://media.api-sports.io/football/players/140607.png,2019,1548,Jordan,10.0,Friendlies,World,Goalkeeper,0.0,0.0,0.0,,False,0.0,0.0,1.0,,,0.0,,,,,,,,,,,,,,,,,0.0,0.0,0.0,,,,,,1548,Jordan
140607,Yazid Abu Layla,Yazid Moeen Hasan,Abu Layla,Jordan,1993-01-08,Zarqa,Jordan,32,187.0,88.0,False,https://media.api-sports.io/football/players/140607.png,2020,4531,Al Faisaly,17.0,AFC Champions League,World,Goalkeeper,1.0,1.0,120.0,,False,0.0,0.0,0.0,,,0.0,,,,,,,,,,,,,,,,,0.0,0.0,0.0,,,,,,1548,Jordan
140607,Yazid Abu Layla,Yazid Moeen Hasan,Abu Layla,Jordan,1993-01-08,Zarqa,Jordan,32,187.0,88.0,False,https://media.api-sports.io/football/players/140607.png,2020,4531,Al Faisaly,18.0,AFC Cup,World,Goalkeeper,1.0,1.0,90.0,,False,0.0,0.0,1.0,,,0.0,,,,,,,,,,,,,,,,,0.0,0.0,0.0,,,,,,1548,Jordan
140607,Yazid Abu Layla,Yazid Moeen Hasan,Abu Layla,Jordan,1993-01-08,Zarqa,Jordan,32,187.0,88.0,False,https://media.api-sports.io/football/players/140607.png,2021,4531,Al Faisaly,18.0,AFC Cup,World,Goalkeeper,0.0,0.0,0.0,,False,0.0,0.0,0.0,,,0.0,,,,,,,,,,,,,,,,,0.0,0.0,0.0,,,,,,1548,Jordan
140607,Yazid Abu Layla,Yazid Moeen Hasan,Abu Layla,Jordan,1993-01-08,Zarqa,Jordan,32,187.0,88.0,False,https://media.api-sports.io/football/players/140607.png,2021,1548,Jordan,10.0,Friendlies,World,Goalkeeper,2.0,2.0,180.0,,False,0.0,0.0,0.0,,,0.0,,,,,,,,,,,,,,,,,0.0,0.0,0.0,,,,,,1548,Jordan
140607,Yazid Abu Layla,Yazid Moeen Hasan,Abu Layla,Jordan,1993-01-08,Zarqa,Jordan,32,187.0,88.0,False,https://media.api-sports.io/football/players/140607.png,2021,1548,Jordan,860.0,Arab Cup,World,Goalkeeper,4.0,4.0,390.0,,False,0.0,0.0,0.0,,,0.0,,,,,,,,,,,,,,,,,0.0,0.0,0.0,,,,,,1548,Jordan
140607,Yazid Abu Layla,Yazid Moeen Hasan,Abu Layla,Jordan,1993-01-08,Zarqa,Jordan,32,187.0,88.0,False,https://media.api-sports.io/football/players/140607.png,2022,1548,Jordan,35.0,Asian Cup - Qualification,World,Goalkeeper,3.0,3.0,270.0,,False,0.0,0.0,0.0,,,0.0,,,,,,,,,,,,,,,,,0.0,0.0,0.0,,,,,,1548,Jordan
140607,Yazid Abu Layla,Yazid Moeen Hasan,Abu Layla,Jordan,1993-01-08,Zarqa,Jordan,32,187.0,88.0,False,https://media.api-sports.io/football/players/140607.png,2022,1548,Jordan,30.0,World Cup - Qualification Asia,World,Goalkeeper,1.0,0.0,25.0,,False,1.0,0.0,4.0,,,0.0,,,,,,,,,,,,,,,,,0.0,0.0,0.0,,,,,,1548,Jordan
140607,Yazid Abu Layla,Yazid Moeen Hasan,Abu Layla,Jordan,1993-01-08,Zarqa,Jordan,32,187.0,88.0,False,https://media.api-sports.io/football/players/140607.png,2022,1548,Jordan,10.0,Friendlies,World,Goalkeeper,2.0,2.0,180.0,,False,0.0,0.0,1.0,,,0.0,,,,,,,,,,,,,,,,,0.0,0.0,0.0,,,,,,1548,Jordan
140607,Yazid Abu Layla,Yazid Moeen Hasan,Abu Layla,Jordan,1993-01-08,Zarqa,Jordan,32,187.0,88.0,False,https://media.api-sports.io/football/players/140607.png,2023,4531,Al Faisaly,387.0,League,Jordan,Goalkeeper,,,,,False,,,,,,,,,,,,,,,,,,,,,,,,,,,,,,,1548,Jordan
140607,Yazid Abu Layla,Yazid Moeen Hasan,Abu Layla,Jordan,1993-01-08,Zarqa,Jordan,32,187.0,88.0,False,https://media.api-sports.io/football/players/140607.png,2023,2958,Al Jabalain,308.0,Division 1,Saudi-Arabia,Goalkeeper,,,,,False,,,,,,,,,,,,,,,,,,,,,,,,,,,,,,,1548,Jordan
140607,Yazid Abu Layla,Yazid Moeen Hasan,Abu Layla,Jordan,1993-01-08,Zarqa,Jordan,32,187.0,88.0,False,https://media.api-sports.io/football/players/140607.png,2023,2958,Al Jabalain,,King's Cup,,Goalkeeper,1.0,1.0,90.0,,False,0.0,0.0,0.0,,,0.0,,,,,,,,,,,,,,,,,0.0,0.0,0.0,,,,,,1548,Jordan
140607,Yazid Abu Layla,Yazid Moeen Hasan,Abu Layla,Jordan,1993-01-08,Zarqa,Jordan,32,187.0,88.0,False,https://media.api-sports.io/football/players/140607.png,2023,1548,Jordan,,Asian Cup Qualification,,Goalkeeper,3.0,3.0,270.0,,False,0.0,0.0,0.0,,,0.0,,,,,,,,,,,,,,,,,0.0,0.0,0.0,,,,,,1548,Jordan
140607,Yazid Abu Layla,Yazid Moeen Hasan,Abu Layla,Jordan,1993-01-08,Zarqa,Jordan,32,187.0,88.0,False,https://media.api-sports.io/football/players/140607.png,2023,1548,Jordan,7.0,Asian Cup,World,Goalkeeper,7.0,7.0,630.0,7.042857,False,0.0,0.0,0.0,,,0.0,8.0,,20.0,160.0,,,,,,6.0,5.0,,,,1.0,1.0,1.0,0.0,0.0,,,0.0,0.0,0.0,1548,Jordan
140607,Yazid Abu Layla,Yazid Moeen Hasan,Abu Layla,Jordan,1993-01-08,Zarqa,Jordan,32,187.0,88.0,False,https://media.api-sports.io/football/players/140607.png,2023,1548,Jordan,10.0,Friendlies,World,Goalkeeper,4.0,4.0,360.0,,False,0.0,0.0,0.0,,,0.0,,,,,,,,,,,,,,,,,0.0,0.0,0.0,,,,,,1548,Jordan
140607,Yazid Abu Layla,Yazid Moeen Hasan,Abu Layla,Jordan,1993-01-08,Zarqa,Jordan,32,187.0,88.0,False,https://media.api-sports.io/football/players/140607.png,2024,4532,Al Hussein,387.0,League,Jordan,Goalkeeper,,,,,False,,,,,,,,,,,,,,,,,,,,,,,,,,,,,,,1548,Jordan
140607,Yazid Abu Layla,Yazid Moeen Hasan,Abu Layla,Jordan,1993-01-08,Zarqa,Jordan,32,187.0,88.0,False,https://media.api-sports.io/football/players/140607.png,2024,4532,Al Hussein,18.0,AFC Cup,World,Goalkeeper,6.0,6.0,570.0,7.25,False,0.0,0.0,0.0,,,0.0,3.0,0.0,12.0,100.0,,,,,,4.0,2.0,,,,,,1.0,0.0,0.0,,,0.0,0.0,0.0,1548,Jordan
140607,Yazid Abu Layla,Yazid Moeen Hasan,Abu Layla,Jordan,1993-01-08,Zarqa,Jordan,32,187.0,88.0,False,https://media.api-sports.io/football/players/140607.png,2024,2958,Al Jabalain,308.0,Division 1,Saudi-Arabia,Goalkeeper,,,,,False,,,,,,,,,,,,,,,,,,,,,,,,,,,,,,,1548,Jordan
140607,Yazid Abu Layla,Yazid Moeen Hasan,Abu Layla,Jordan,1993-01-08,Zarqa,Jordan,32,187.0,88.0,False,https://media.api-sports.io/football/players/140607.png,2024,1548,Jordan,10.0,Friendlies,World,Goalkeeper,1.0,1.0,90.0,,False,0.0,0.0,0.0,,,0.0,,,,,,,,,,,,,,,,,0.0,0.0,0.0,,,,,,1548,Jordan
140607,Yazid Abu Layla,Yazid Moeen Hasan,Abu Layla,Jordan,1993-01-08,Zarqa,Jordan,32,187.0,88.0,False,https://media.api-sports.io/football/players/140607.png,2025,1548,Jordan,10.0,Friendlies,World,Goalkeeper,6.0,5.0,90.0,7.2,False,1.0,0.0,2.0,,,0.0,0.0,0.0,3.0,25.0,,,,,,,,,,,,,0.0,0.0,0.0,,,0.0,0.0,0.0,1548,Jordan
